web_scraper_order,web_scraper_start_url,data,data2,data3,data4,data5,price,data6,data7,data8,data9,data10,price2,data11,data12,data13,data14,data15,data16,data17,data18,data19,price3,data20,data21,data22,data23,data24,data25,data26,data27,image,image2,image3,image4,image5,image6,image7,image8,image9,image10,image11,image12,image13,image14,image15,image16,image17,image18
"1773520316-1","https://www.alibaba.com/search/page?spm=a2700.product_home_fy25.the-new-header_fy23_pc_search_bar.keydown__Enter&SearchScene=proSearch&SearchText=adult+toys&pro=true&from=pcHomeHeader","Vibrating Sex Toy for Couples Discreet Wireless Vibrator for Women for Outdoor Intimate Play","Shenzhen Y.love Technology Co., Ltd.","8 yrs","Min. order: 10 pieces","600+ store reviews","$9.65","","3 sold","11% reorder rate","1600+ views from North America","≤4h response time","","","4.7","4.7/5.0","(64)","5-day dispatch","Chat now","Add to cart","Toy","","","","","certified","","$20 off shipping","Money-back guarantee","CN","","https://s.alicdn.com/@sc04/kf/A6553d4da512f423e935dd4c98ac7cc75i.jpg_300x300.jpg","","","https://s.alicdn.com/@sc01/kf/Hdbac61a2fce04421bb714a28e201ead6R.png?webp=close&avif=close","","https://s.alicdn.com/@img/imgextra/i3/O1CN01Bv2erf1UtOvnQdp1D_!!6000000002575-55-tps-12-10.svg","https://s.alicdn.com/@img/imgextra/i1/O1CN01H0fqnK1Gpp8Bpra4W_!!6000000000672-55-tps-20-21.svg","","https://s.alicdn.com/@u/mobile/g/common/flags/1.0.0/assets/cn.png","https://s.alicdn.com/@img/imgextra/i3/O1CN01Bv2erf1UtOvnQdp1D_!!6000000002575-55-tps-12-10.svg","https://s.alicdn.com/@img/imgextra/i2/O1CN01pZsS7S1RAZFleCw0N_!!6000000002071-2-tps-33-34.png","https://s.alicdn.com/@sc01/kf/H62868c75e7eb4fbba8f8eb600d749c2aR.png","https://s.alicdn.com/@img/imgextra/i3/O1CN01Bv2erf1UtOvnQdp1D_!!6000000002575-55-tps-12-10.svg","","https://s.alicdn.com/@img/imgextra/i1/O1CN01skevju1mJMrEIZqWk_!!6000000004933-55-tps-21-21.svg","https://s.alicdn.com/@img/imgextra/i1/O1CN01skevju1mJMrEIZqWk_!!6000000004933-55-tps-21-21.svg","https://s.alicdn.com/@img/imgextra/i1/O1CN01AKovar1kB0OVaoU0M_!!6000000004644-2-tps-34-33.png","https://s.alicdn.com/@img/imgextra/i2/O1CN01pZsS7S1RAZFleCw0N_!!6000000002071-2-tps-33-34.png"
"1773520316-2","https://www.alibaba.com/search/page?spm=a2700.product_home_fy25.the-new-header_fy23_pc_search_bar.keydown__Enter&SearchScene=proSearch&SearchText=adult+toys&pro=true&from=pcHomeHeader","Realistic Vibrating Retractable Heated Dildo Adult Sex Toys Female Massage Thrusting Silicone Huge Realistic Dildo for Women","Shenzhen Finomay Technology Co., Ltd.","2 yrs","Min. order: 1 piece","200+ store reviews","$10.98","Toys","4 sold","18% reorder rate","4200+ views from North America","≤3h response time","","","4.7","4.7/5.0","(116)","5-day dispatch","Chat now","Add to cart","Adult","","","","","","","FREE shipping","Money-back guarantee","CN","","https://s.alicdn.com/@sc04/kf/Hb2852f0d7e074e009faf56f819cb5c41j.jpg_300x300.jpg","","","https://s.alicdn.com/@sc01/kf/Hdbac61a2fce04421bb714a28e201ead6R.png?webp=close&avif=close","","","https://s.alicdn.com/@img/imgextra/i1/O1CN01H0fqnK1Gpp8Bpra4W_!!6000000000672-55-tps-20-21.svg","","https://s.alicdn.com/@u/mobile/g/common/flags/1.0.0/assets/cn.png","https://s.alicdn.com/@img/imgextra/i3/O1CN01Bv2erf1UtOvnQdp1D_!!6000000002575-55-tps-12-10.svg","https://s.alicdn.com/@img/imgextra/i2/O1CN01pZsS7S1RAZFleCw0N_!!6000000002071-2-tps-33-34.png","","https://s.alicdn.com/@img/imgextra/i3/O1CN01Bv2erf1UtOvnQdp1D_!!6000000002575-55-tps-12-10.svg","","https://s.alicdn.com/@img/imgextra/i1/O1CN01skevju1mJMrEIZqWk_!!6000000004933-55-tps-21-21.svg","https://s.alicdn.com/@img/imgextra/i1/O1CN01skevju1mJMrEIZqWk_!!6000000004933-55-tps-21-21.svg","https://s.alicdn.com/@img/imgextra/i1/O1CN01AKovar1kB0OVaoU0M_!!6000000004644-2-tps-34-33.png","https://s.alicdn.com/@img/imgextra/i2/O1CN01pZsS7S1RAZFleCw0N_!!6000000002071-2-tps-33-34.png"
"1773520316-3","https://www.alibaba.com/search/page?spm=a2700.product_home_fy25.the-new-header_fy23_pc_search_bar.keydown__Enter&SearchScene=proSearch&SearchText=adult+toys&pro=true&from=pcHomeHeader","Love Dice Glow Funny Sex Dice Adult Toys Couple Lovers Games Dice Sex Game Adult","Shenzhen Blackberry E-Commerce Co., Ltd.","6 yrs","Min. order: 1 pair","1400+ store reviews","","Toys","396 sold","3% reorder rate","1500+ views from North America","≤3h response time","$0.29","","4.6","4.6/5.0","(276)","Lower priced than similar","Chat now","Add to cart","Adult","Adult","10% off","","","","","FREE shipping","5-day dispatch","CN","Money-back guarantee","https://s.alicdn.com/@sc04/kf/H5a0ee89f21b14ab4a30af5ebb1922174p.jpg_300x300.jpg","","","","","","https://s.alicdn.com/@img/imgextra/i1/O1CN01H0fqnK1Gpp8Bpra4W_!!6000000000672-55-tps-20-21.svg","","https://s.alicdn.com/@u/mobile/g/common/flags/1.0.0/assets/cn.png","https://s.alicdn.com/@img/imgextra/i3/O1CN01Bv2erf1UtOvnQdp1D_!!6000000002575-55-tps-12-10.svg","https://s.alicdn.com/@sc01/kf/He15f3630b6674cb697c45c43f49fc3752.png","","","https://s.alicdn.com/@img/imgextra/i2/O1CN01pZsS7S1RAZFleCw0N_!!6000000002071-2-tps-33-34.png","https://s.alicdn.com/@img/imgextra/i1/O1CN01skevju1mJMrEIZqWk_!!6000000004933-55-tps-21-21.svg","https://s.alicdn.com/@img/imgextra/i1/O1CN01skevju1mJMrEIZqWk_!!6000000004933-55-tps-21-21.svg","https://s.alicdn.com/@img/imgextra/i1/O1CN01AKovar1kB0OVaoU0M_!!6000000004644-2-tps-34-33.png","https://s.alicdn.com/@img/imgextra/i2/O1CN01pZsS7S1RAZFleCw0N_!!6000000002071-2-tps-33-34.png"
"1773520316-4","https://www.alibaba.com/search/page?spm=a2700.product_home_fy25.the-new-header_fy23_pc_search_bar.keydown__Enter&SearchScene=proSearch&SearchText=adult+toys&pro=true&from=pcHomeHeader","Hot Sale 2.7KG TPE Realistic Male Half Body with Dildo Big Artificial Ass Adult Sex Toy for Women Masturbate","Guangzhou Kumu Technology Industrial Co., Ltd.","1 yr","Min. order: 1 piece","100+ store reviews","","Toy","2 sold","10% reorder rate","2100+ views from North America","≤2h response time","$22.15","","4.9","4.9/5.0","(35)","No import charges","Chat now","Add to cart","Adult","","10% off","","","","","180-day lowest prices","7-day delivery","CN","Easy Return","https://s.alicdn.com/@sc04/kf/Hed90f949b23c4703bd681854f7db88c4K.jpg_300x300.jpg","","","https://s.alicdn.com/@img/imgextra/i2/O1CN01EiBgBr1pi31cCfM14_!!6000000005393-2-tps-222-46.png?webp=close&avif=close","","","https://s.alicdn.com/@img/imgextra/i1/O1CN01H0fqnK1Gpp8Bpra4W_!!6000000000672-55-tps-20-21.svg","","https://s.alicdn.com/@u/mobile/g/common/flags/1.0.0/assets/cn.png","https://s.alicdn.com/@img/imgextra/i3/O1CN01Bv2erf1UtOvnQdp1D_!!6000000002575-55-tps-12-10.svg","https://s.alicdn.com/@img/imgextra/i2/O1CN01ricZup1bUObEz6vZ3_!!6000000003468-2-tps-34-34.png","","","https://s.alicdn.com/@img/imgextra/i4/O1CN01QUhXLX1lDaB0DYt9b_!!6000000004785-2-tps-34-34.png","https://s.alicdn.com/@img/imgextra/i1/O1CN01skevju1mJMrEIZqWk_!!6000000004933-55-tps-21-21.svg","https://s.alicdn.com/@img/imgextra/i1/O1CN01skevju1mJMrEIZqWk_!!6000000004933-55-tps-21-21.svg","https://s.alicdn.com/@sc01/kf/He15f3630b6674cb697c45c43f49fc3752.png","https://s.alicdn.com/@img/imgextra/i2/O1CN01pZsS7S1RAZFleCw0N_!!6000000002071-2-tps-33-34.png"
"1773520316-5","https://www.alibaba.com/search/page?spm=a2700.product_home_fy25.the-new-header_fy23_pc_search_bar.keydown__Enter&SearchScene=proSearch&SearchText=adult+toys&pro=true&from=pcHomeHeader","2 In1 Rose Sex Toy Stimulator Adult Toys Clitoral Tongue Licking G Spot Vibrators Thrusting Dildo Vibrator for Women","Shenzhen Dongshishui Technology Co., Ltd.","3 yrs","Min. order: 1 piece","200+ store reviews","$5.50","Adult","1,784 sold","9% reorder rate","8400+ views from North America","≤2h response time","","","4.4","4.4/5.0","(48)","Delivery by Apr 06","Chat now","Add to cart","Toy","Toys","","","","","","FREE shipping","Money-back guarantee","CN","","https://s.alicdn.com/@sc04/kf/H278201957ca0463eb315fd4e895119a5G.jpg_300x300.jpg","","","https://s.alicdn.com/@sc01/kf/Hdbac61a2fce04421bb714a28e201ead6R.png?webp=close&avif=close","","","https://s.alicdn.com/@img/imgextra/i1/O1CN01H0fqnK1Gpp8Bpra4W_!!6000000000672-55-tps-20-21.svg","","https://s.alicdn.com/@u/mobile/g/common/flags/1.0.0/assets/cn.png","https://s.alicdn.com/@img/imgextra/i3/O1CN01Bv2erf1UtOvnQdp1D_!!6000000002575-55-tps-12-10.svg","https://s.alicdn.com/@img/imgextra/i2/O1CN01pZsS7S1RAZFleCw0N_!!6000000002071-2-tps-33-34.png","","","","https://s.alicdn.com/@img/imgextra/i1/O1CN01skevju1mJMrEIZqWk_!!6000000004933-55-tps-21-21.svg","https://s.alicdn.com/@img/imgextra/i1/O1CN01skevju1mJMrEIZqWk_!!6000000004933-55-tps-21-21.svg","https://s.alicdn.com/@img/imgextra/i1/O1CN01AKovar1kB0OVaoU0M_!!6000000004644-2-tps-34-33.png","https://s.alicdn.com/@img/imgextra/i2/O1CN01pZsS7S1RAZFleCw0N_!!6000000002071-2-tps-33-34.png"
"1773520316-6","https://www.alibaba.com/search/page?spm=a2700.product_home_fy25.the-new-header_fy23_pc_search_bar.keydown__Enter&SearchScene=proSearch&SearchText=adult+toys&pro=true&from=pcHomeHeader","Hot-Selling Rechargeable Adult Vibrator Cross-Border Female Masturbator Sex Toy USB Power Supply Tongue Licking Stick Design","Guangxi Maiyue International Technology Co., Ltd.","1 yr","Min. order: 1 piece","200+ store reviews","$4.22-6.99","Toy","","14% reorder rate","6900+ views from North America","≤5h response time","","","4.7","4.7/5.0","(118)","","Chat now","","Adult","","","","Easy Return","","","","","CN","","https://s.alicdn.com/@sc04/kf/H55069c87a2cf4fdf8f08b5e48fc950f2c.jpg_300x300.jpg","","","","","","https://s.alicdn.com/@img/imgextra/i1/O1CN01H0fqnK1Gpp8Bpra4W_!!6000000000672-55-tps-20-21.svg","https://s.alicdn.com/@img/imgextra/i4/O1CN01QUhXLX1lDaB0DYt9b_!!6000000004785-2-tps-34-34.png","https://s.alicdn.com/@u/mobile/g/common/flags/1.0.0/assets/cn.png","https://s.alicdn.com/@img/imgextra/i3/O1CN01Bv2erf1UtOvnQdp1D_!!6000000002575-55-tps-12-10.svg","","","https://s.alicdn.com/@img/imgextra/i3/O1CN01Bv2erf1UtOvnQdp1D_!!6000000002575-55-tps-12-10.svg","","https://s.alicdn.com/@img/imgextra/i1/O1CN01skevju1mJMrEIZqWk_!!6000000004933-55-tps-21-21.svg","https://s.alicdn.com/@img/imgextra/i1/O1CN01skevju1mJMrEIZqWk_!!6000000004933-55-tps-21-21.svg","",""
"1773520316-7","https://www.alibaba.com/search/page?spm=a2700.product_home_fy25.the-new-header_fy23_pc_search_bar.keydown__Enter&SearchScene=proSearch&SearchText=adult+toys&pro=true&from=pcHomeHeader","Remote control style Push-slide Toy Adult Metal Relief Toy Finger Push Rotating Relief Toy Gift for Adult and Children","Hangzhou Jingmai Network Technology Co., Ltd.","1 yr","Min. order: 1 piece","200+ store reviews","$2.12","Adult","10 sold","12% reorder rate","1100+ views from North America","≤3h response time","","Toy","4.7","4.7/5.0","(74)","Lower priced than similar","Chat now","Add to cart","Toy","Toy","","Adult","","","","FREE shipping","5-day dispatch","CN","Money-back guarantee","https://s.alicdn.com/@sc04/kf/H524c1ef7604040c092ef1f88efd8f2f5b.jpg_300x300.jpg","","","","","https://s.alicdn.com/@img/imgextra/i3/O1CN01Bv2erf1UtOvnQdp1D_!!6000000002575-55-tps-12-10.svg","https://s.alicdn.com/@img/imgextra/i1/O1CN01H0fqnK1Gpp8Bpra4W_!!6000000000672-55-tps-20-21.svg","","https://s.alicdn.com/@u/mobile/g/common/flags/1.0.0/assets/cn.png","https://s.alicdn.com/@img/imgextra/i3/O1CN01Bv2erf1UtOvnQdp1D_!!6000000002575-55-tps-12-10.svg","https://s.alicdn.com/@sc01/kf/He15f3630b6674cb697c45c43f49fc3752.png","","https://s.alicdn.com/@img/imgextra/i3/O1CN01Bv2erf1UtOvnQdp1D_!!6000000002575-55-tps-12-10.svg","https://s.alicdn.com/@img/imgextra/i2/O1CN01pZsS7S1RAZFleCw0N_!!6000000002071-2-tps-33-34.png","https://s.alicdn.com/@img/imgextra/i1/O1CN01skevju1mJMrEIZqWk_!!6000000004933-55-tps-21-21.svg","https://s.alicdn.com/@img/imgextra/i1/O1CN01skevju1mJMrEIZqWk_!!6000000004933-55-tps-21-21.svg","https://s.alicdn.com/@img/imgextra/i1/O1CN01AKovar1kB0OVaoU0M_!!6000000004644-2-tps-34-33.png","https://s.alicdn.com/@img/imgextra/i2/O1CN01pZsS7S1RAZFleCw0N_!!6000000002071-2-tps-33-34.png"
"1773520316-8","https://www.alibaba.com/search/page?spm=a2700.product_home_fy25.the-new-header_fy23_pc_search_bar.keydown__Enter&SearchScene=proSearch&SearchText=adult+toys&pro=true&from=pcHomeHeader","Women Laurus Octopus Electric Shock Breast Massager Masturbation Adult Sex Toy Box for Female Waterproof 10 Frequencies Product","Shandong Libo Electronic Technology Co., Ltd.","1 yr","Min. order: 1 piece","2% reorder rate","$6.80","Toy","4 sold","2100+ views from North America","≤1h response time","","","","4.6","4.6/5.0","(7)","","Chat now","","Adult","","","","","certified","Easy Return","","","CN","","https://s.alicdn.com/@sc04/kf/H84ebb2a11dd14ca5aba0c90563ea32adW.jpg_300x300.jpg","https://s.alicdn.com/@sc04/kf/Hdcdda68a5c974643bba82b99a60a9907G.png_100x100.png?webp=close&avif=close","https://s.alicdn.com/@sc04/kf/H3ad5a26ff8134e289b6265eedf954601o.png_100x100.png?webp=close&avif=close","","https://s.alicdn.com/@img/imgextra/i4/O1CN01QUhXLX1lDaB0DYt9b_!!6000000004785-2-tps-34-34.png","","https://s.alicdn.com/@img/imgextra/i1/O1CN01H0fqnK1Gpp8Bpra4W_!!6000000000672-55-tps-20-21.svg","","https://s.alicdn.com/@u/mobile/g/common/flags/1.0.0/assets/cn.png","https://s.alicdn.com/@img/imgextra/i2/O1CN01lUQbI41ymTPgE2qXM_!!6000000006621-55-tps-12-10.svg","","https://s.alicdn.com/@sc01/kf/H62868c75e7eb4fbba8f8eb600d749c2aR.png","","","https://s.alicdn.com/@img/imgextra/i1/O1CN01skevju1mJMrEIZqWk_!!6000000004933-55-tps-21-21.svg","https://s.alicdn.com/@img/imgextra/i1/O1CN01skevju1mJMrEIZqWk_!!6000000004933-55-tps-21-21.svg","",""
"1773520316-9","https://www.alibaba.com/search/page?spm=a2700.product_home_fy25.the-new-header_fy23_pc_search_bar.keydown__Enter&SearchScene=proSearch&SearchText=adult+toys&pro=true&from=pcHomeHeader","OEM 3 in 1 Hollow Flapping G Spot Vibrator Dildo Tongue Licking Bite & Slap Clitoris Stimulation Sex Toy","Xiamen Shengshi Chengze Trading Co., Ltd.","3 yrs","Min. order: 3 pieces","300+ store reviews","$7.39-7.89","","5 sold","9% reorder rate","800+ views from North America","≤11h response time","","","4.6","4.6/5.0","(127)","Delivery by Apr 05","Chat now","Add to cart","Toy","","","","","","","FREE shipping","Easy Return","CN","","https://s.alicdn.com/@sc04/kf/H8874a5f2588e4baba0eae8af06e80a54M.jpg_300x300.jpg","","","","","","https://s.alicdn.com/@img/imgextra/i1/O1CN01H0fqnK1Gpp8Bpra4W_!!6000000000672-55-tps-20-21.svg","","https://s.alicdn.com/@u/mobile/g/common/flags/1.0.0/assets/cn.png","https://s.alicdn.com/@img/imgextra/i3/O1CN01Bv2erf1UtOvnQdp1D_!!6000000002575-55-tps-12-10.svg","https://s.alicdn.com/@img/imgextra/i2/O1CN01pZsS7S1RAZFleCw0N_!!6000000002071-2-tps-33-34.png","","","","https://s.alicdn.com/@img/imgextra/i1/O1CN01skevju1mJMrEIZqWk_!!6000000004933-55-tps-21-21.svg","https://s.alicdn.com/@img/imgextra/i1/O1CN01skevju1mJMrEIZqWk_!!6000000004933-55-tps-21-21.svg","https://s.alicdn.com/@img/imgextra/i1/O1CN01AKovar1kB0OVaoU0M_!!6000000004644-2-tps-34-33.png","https://s.alicdn.com/@img/imgextra/i4/O1CN01QUhXLX1lDaB0DYt9b_!!6000000004785-2-tps-34-34.png"
"1773520316-10","https://www.alibaba.com/search/page?spm=a2700.product_home_fy25.the-new-header_fy23_pc_search_bar.keydown__Enter&SearchScene=proSearch&SearchText=adult+toys&pro=true&from=pcHomeHeader","Female Masturbation Half Body 8.5inch Dildo Big Penis Realistic Anal Hole Muscle Abs Male Torso Sex Love Doll for Women Gay Men","Shenzhen Everycom Technology Company Limited","3 yrs","Min. order: 1 piece","100+ store reviews","$79.50","","15 sold","10% reorder rate","7600+ views from North America","≤2h response time","","","4.6","4.6/5.0","(88)","Easy Return","Chat now","Add to cart","","","","","","certified","","5-day dispatch","","CN","","https://s.alicdn.com/@sc04/kf/Ha4c523610be24f10b793c2a1904aa6a10.jpg_300x300.jpg","","https://s.alicdn.com/@sc04/kf/Hdcdda68a5c974643bba82b99a60a9907G.png_100x100.png?webp=close&avif=close","","","","https://s.alicdn.com/@img/imgextra/i1/O1CN01H0fqnK1Gpp8Bpra4W_!!6000000000672-55-tps-20-21.svg","","https://s.alicdn.com/@u/mobile/g/common/flags/1.0.0/assets/cn.png","https://s.alicdn.com/@img/imgextra/i3/O1CN01Bv2erf1UtOvnQdp1D_!!6000000002575-55-tps-12-10.svg","https://s.alicdn.com/@img/imgextra/i4/O1CN01QUhXLX1lDaB0DYt9b_!!6000000004785-2-tps-34-34.png","https://s.alicdn.com/@sc01/kf/H62868c75e7eb4fbba8f8eb600d749c2aR.png","https://s.alicdn.com/@img/imgextra/i3/O1CN01Bv2erf1UtOvnQdp1D_!!6000000002575-55-tps-12-10.svg","","https://s.alicdn.com/@img/imgextra/i1/O1CN01skevju1mJMrEIZqWk_!!6000000004933-55-tps-21-21.svg","https://s.alicdn.com/@img/imgextra/i1/O1CN01skevju1mJMrEIZqWk_!!6000000004933-55-tps-21-21.svg","https://s.alicdn.com/@img/imgextra/i2/O1CN01pZsS7S1RAZFleCw0N_!!6000000002071-2-tps-33-34.png",""
"1773520316-11","https://www.alibaba.com/search/page?spm=a2700.product_home_fy25.the-new-header_fy23_pc_search_bar.keydown__Enter&SearchScene=proSearch&SearchText=adult+toys&pro=true&from=pcHomeHeader","Automatic Male Masturbator Cup Glans Trainer Penis Massage Sex Toys Blow Job Sucking Masturbation Artificial Pussy Anal","Shenzhen Mg Technology Co., Ltd.","2 yrs","Min. order: 1 piece","≤3h response time","$24.50","","","","","","","","4.1","4.1/5.0","(4)","5-day dispatch","Chat now","Add to cart","Toys","","","","","","","$20 off shipping","Easy Return","CN","","https://s.alicdn.com/@sc04/kf/H9fb8617736c24b72b6e51a97bea56ae4l.jpg_300x300.jpg","","","","","","https://s.alicdn.com/@img/imgextra/i1/O1CN01H0fqnK1Gpp8Bpra4W_!!6000000000672-55-tps-20-21.svg","","https://s.alicdn.com/@u/mobile/g/common/flags/1.0.0/assets/cn.png","https://s.alicdn.com/@img/imgextra/i2/O1CN01lUQbI41ymTPgE2qXM_!!6000000006621-55-tps-12-10.svg","https://s.alicdn.com/@img/imgextra/i2/O1CN01pZsS7S1RAZFleCw0N_!!6000000002071-2-tps-33-34.png","","","","https://s.alicdn.com/@img/imgextra/i1/O1CN01skevju1mJMrEIZqWk_!!6000000004933-55-tps-21-21.svg","https://s.alicdn.com/@img/imgextra/i1/O1CN01skevju1mJMrEIZqWk_!!6000000004933-55-tps-21-21.svg","https://s.alicdn.com/@img/imgextra/i1/O1CN01AKovar1kB0OVaoU0M_!!6000000004644-2-tps-34-33.png","https://s.alicdn.com/@img/imgextra/i4/O1CN01QUhXLX1lDaB0DYt9b_!!6000000004785-2-tps-34-34.png"
"1773520316-12","https://www.alibaba.com/search/page?spm=a2700.product_home_fy25.the-new-header_fy23_pc_search_bar.keydown__Enter&SearchScene=proSearch&SearchText=adult+toys&pro=true&from=pcHomeHeader","7.8Inch Male Penis Realistic Dildo Female Masturbation Stimulation Vagina Sex Toys for Woman and Couples","HuiTing Medical Technology (Huizhou) Co., Ltd.","1 yr","Min. order: 1 piece","2% reorder rate","$5.31-9.80","","1 sold","300+ views from North America","≤1h response time","","","","4.3","4.3/5.0","(5)","Delivery by Apr 05","Chat now","Add to cart","Toys","","","","","","","FREE shipping","Easy Return","CN","","https://s.alicdn.com/@sc04/kf/H82b92a4f00144b32b9833d764bab8fc3I.jpg_300x300.jpg","","","","","","https://s.alicdn.com/@img/imgextra/i1/O1CN01H0fqnK1Gpp8Bpra4W_!!6000000000672-55-tps-20-21.svg","","https://s.alicdn.com/@u/mobile/g/common/flags/1.0.0/assets/cn.png","https://s.alicdn.com/@img/imgextra/i2/O1CN01lUQbI41ymTPgE2qXM_!!6000000006621-55-tps-12-10.svg","https://s.alicdn.com/@img/imgextra/i2/O1CN01pZsS7S1RAZFleCw0N_!!6000000002071-2-tps-33-34.png","","","","https://s.alicdn.com/@img/imgextra/i1/O1CN01skevju1mJMrEIZqWk_!!6000000004933-55-tps-21-21.svg","https://s.alicdn.com/@img/imgextra/i1/O1CN01skevju1mJMrEIZqWk_!!6000000004933-55-tps-21-21.svg","https://s.alicdn.com/@img/imgextra/i1/O1CN01AKovar1kB0OVaoU0M_!!6000000004644-2-tps-34-33.png","https://s.alicdn.com/@img/imgextra/i4/O1CN01QUhXLX1lDaB0DYt9b_!!6000000004785-2-tps-34-34.png"
"1773520316-13","https://www.alibaba.com/search/page?spm=a2700.product_home_fy25.the-new-header_fy23_pc_search_bar.keydown__Enter&SearchScene=proSearch&SearchText=adult+toys&pro=true&from=pcHomeHeader","Powerful Automatic Sex Machine Gun 20 Attachments Speed-Adjustable Vibrators Dildo Adult Toys for Women & Men Sex Products","Chengdu Silu Yunlian Technology Co., Ltd.","1 yr","Min. order: 1 piece","3% reorder rate","$17.50-22.50","Toys","18 sold","4900+ views from North America","≤2h response time","","","","4.7","4.7/5.0","(21)","","Chat now","","Adult","","","","Easy Return","","","","","CN","","https://s.alicdn.com/@sc04/kf/Hc5da3fc1e7434ffc9b8ca5de560eee87H.png_300x300.png","","","","","","https://s.alicdn.com/@img/imgextra/i1/O1CN01H0fqnK1Gpp8Bpra4W_!!6000000000672-55-tps-20-21.svg","https://s.alicdn.com/@img/imgextra/i4/O1CN01QUhXLX1lDaB0DYt9b_!!6000000004785-2-tps-34-34.png","https://s.alicdn.com/@u/mobile/g/common/flags/1.0.0/assets/cn.png","https://s.alicdn.com/@img/imgextra/i2/O1CN01lUQbI41ymTPgE2qXM_!!6000000006621-55-tps-12-10.svg","","","","","https://s.alicdn.com/@img/imgextra/i1/O1CN01skevju1mJMrEIZqWk_!!6000000004933-55-tps-21-21.svg","https://s.alicdn.com/@img/imgextra/i1/O1CN01skevju1mJMrEIZqWk_!!6000000004933-55-tps-21-21.svg","",""
"1773520316-14","https://www.alibaba.com/search/page?spm=a2700.product_home_fy25.the-new-header_fy23_pc_search_bar.keydown__Enter&SearchScene=proSearch&SearchText=adult+toys&pro=true&from=pcHomeHeader","Clitoral Sucker Vibrator Nipple G Spot Sucking Clitoris Erotic Stimulator Female Masturbator Sex Toys for Women Adult 18","Hefei Jiaang E-Commerce Co., Ltd.","5 yrs","Min. order: 1 piece","1700+ store reviews","$4.19","Adult","","9% reorder rate","200+ views from North America","≤3h response time","","","4.4","4.4/5.0","(280)","Easy Return","Chat now","Add to cart","Toys","","","","","","","$10 off every $100","","CN","","https://s.alicdn.com/@sc04/kf/H7167c303bb1f4564b6d0b6ff8b397c74z.jpg_300x300.jpg","","","","","","https://s.alicdn.com/@img/imgextra/i1/O1CN01H0fqnK1Gpp8Bpra4W_!!6000000000672-55-tps-20-21.svg","","https://s.alicdn.com/@u/mobile/g/common/flags/1.0.0/assets/cn.png","https://s.alicdn.com/@img/imgextra/i3/O1CN01Bv2erf1UtOvnQdp1D_!!6000000002575-55-tps-12-10.svg","https://s.alicdn.com/@img/imgextra/i4/O1CN01QUhXLX1lDaB0DYt9b_!!6000000004785-2-tps-34-34.png","","","","https://s.alicdn.com/@img/imgextra/i1/O1CN01skevju1mJMrEIZqWk_!!6000000004933-55-tps-21-21.svg","https://s.alicdn.com/@img/imgextra/i1/O1CN01skevju1mJMrEIZqWk_!!6000000004933-55-tps-21-21.svg","https://s.alicdn.com/@img/imgextra/i2/O1CN01eHcIQG1ooAkRWcKep_!!6000000005271-2-tps-33-33.png",""
"1773520316-15","https://www.alibaba.com/search/page?spm=a2700.product_home_fy25.the-new-header_fy23_pc_search_bar.keydown__Enter&SearchScene=proSearch&SearchText=adult+toys&pro=true&from=pcHomeHeader","Romance Intimate Fun Bondage Pleasure Overload Trilogy Box Set with Sex Toys Collection for Sexual Intrigue Play Couples Kit","Dongguan Baoya Biotechnology Co., Ltd.","1 yr","Min. order: 3000 sets","1000+ views from North America","$3.55-5.70","","","≤6h response time","","","","","","","","","Chat now","","Toys","","","","","","","","","CN","","https://s.alicdn.com/@sc04/kf/H6db0f8eba22d4fa1826018076a3c7225g.jpg_300x300.jpg","","","","","","https://s.alicdn.com/@img/imgextra/i1/O1CN01H0fqnK1Gpp8Bpra4W_!!6000000000672-55-tps-20-21.svg","","https://s.alicdn.com/@u/mobile/g/common/flags/1.0.0/assets/cn.png","https://s.alicdn.com/@img/imgextra/i2/O1CN01lUQbI41ymTPgE2qXM_!!6000000006621-55-tps-12-10.svg","","","","","https://s.alicdn.com/@img/imgextra/i1/O1CN01skevju1mJMrEIZqWk_!!6000000004933-55-tps-21-21.svg","https://s.alicdn.com/@img/imgextra/i1/O1CN01skevju1mJMrEIZqWk_!!6000000004933-55-tps-21-21.svg","",""
"1773520316-16","https://www.alibaba.com/search/page?spm=a2700.product_home_fy25.the-new-header_fy23_pc_search_bar.keydown__Enter&SearchScene=proSearch&SearchText=adult+toys&pro=true&from=pcHomeHeader","Sex Machine SM Trojans Adult Sex Saddle for Couple Dildo Machine Pommeled Horse Gun Sex Furniture for Bedroom","Shaanxi Huiting Times Health Technology Co., Ltd.","1 yr","Min. order: 5 pieces","9% reorder rate","$99-219","","","200+ views from North America","≤3h response time","","","","4.6","4.6/5.0","(10)","","Chat now","","Adult","","","","Easy Return","","","","","CN","","https://s.alicdn.com/@sc04/kf/He8fc802f5613457aa0ff62d64f2cd6c2S.jpg_300x300.jpg","","","","","","https://s.alicdn.com/@img/imgextra/i1/O1CN01H0fqnK1Gpp8Bpra4W_!!6000000000672-55-tps-20-21.svg","https://s.alicdn.com/@img/imgextra/i4/O1CN01QUhXLX1lDaB0DYt9b_!!6000000004785-2-tps-34-34.png","https://s.alicdn.com/@u/mobile/g/common/flags/1.0.0/assets/cn.png","https://s.alicdn.com/@img/imgextra/i3/O1CN01Bv2erf1UtOvnQdp1D_!!6000000002575-55-tps-12-10.svg","","","","","https://s.alicdn.com/@img/imgextra/i1/O1CN01skevju1mJMrEIZqWk_!!6000000004933-55-tps-21-21.svg","https://s.alicdn.com/@img/imgextra/i1/O1CN01skevju1mJMrEIZqWk_!!6000000004933-55-tps-21-21.svg","",""
"1773520316-17","https://www.alibaba.com/search/page?spm=a2700.product_home_fy25.the-new-header_fy23_pc_search_bar.keydown__Enter&SearchScene=proSearch&SearchText=adult+toys&pro=true&from=pcHomeHeader","4 in 1 Thrusting Tongue Vibrator 10 Vibrating Mouth Licking Clitoral Vibrator Sucking Clit Stimulator G Spot Adult Sex Toy","Shenzhen Dkktech E-Commerce Co., Ltd.","12 yrs","Min. order: 1 piece","2500+ store reviews","","Toy","511 sold","15% reorder rate","2400+ views from North America","≤6h response time","$3.30-6.75","","4.5","4.5/5.0","(151)","","Chat now","Add to cart","Adult","","5% off","","","certified","","","","CN","","https://s.alicdn.com/@sc04/kf/Hd6f07c0271ec41ba99d6b8762e67715cn.jpg_300x300.jpg","","","https://s.alicdn.com/@sc04/kf/Hdbbb6a106e8d4515be692063768d8fd4J.png_100x100.png?webp=close&avif=close","","","https://s.alicdn.com/@img/imgextra/i1/O1CN01H0fqnK1Gpp8Bpra4W_!!6000000000672-55-tps-20-21.svg","","https://s.alicdn.com/@u/mobile/g/common/flags/1.0.0/assets/cn.png","https://s.alicdn.com/@img/imgextra/i3/O1CN01Bv2erf1UtOvnQdp1D_!!6000000002575-55-tps-12-10.svg","","https://s.alicdn.com/@sc01/kf/H62868c75e7eb4fbba8f8eb600d749c2aR.png","","","https://s.alicdn.com/@img/imgextra/i1/O1CN01skevju1mJMrEIZqWk_!!6000000004933-55-tps-21-21.svg","https://s.alicdn.com/@img/imgextra/i1/O1CN01skevju1mJMrEIZqWk_!!6000000004933-55-tps-21-21.svg","",""
"1773520316-18","https://www.alibaba.com/search/page?spm=a2700.product_home_fy25.the-new-header_fy23_pc_search_bar.keydown__Enter&SearchScene=proSearch&SearchText=adult+toys&pro=true&from=pcHomeHeader","Wholesale Luxury Adult G Spot & Clitoral Vibrator Adult Sex Toy for Women Juguetes Sexuales Masturbators Sex Toys for Women","Shenzhen Lanzhe Technology Co., Ltd.","1 yr","Min. order: 10 pieces","200+ store reviews","$4.80-6.07","Adult","","16% reorder rate","≤1h response time","","","Toys","4.9","4.9/5.0","(30)","","Chat now","","Adult","Toy","","","Easy Return","","","","","CN","","https://s.alicdn.com/@sc04/kf/Hade62b34c6dd477ebe1b329750c7b81bC.jpg_300x300.jpg","","","","","","https://s.alicdn.com/@img/imgextra/i1/O1CN01H0fqnK1Gpp8Bpra4W_!!6000000000672-55-tps-20-21.svg","https://s.alicdn.com/@img/imgextra/i4/O1CN01QUhXLX1lDaB0DYt9b_!!6000000004785-2-tps-34-34.png","https://s.alicdn.com/@u/mobile/g/common/flags/1.0.0/assets/cn.png","https://s.alicdn.com/@img/imgextra/i3/O1CN01Bv2erf1UtOvnQdp1D_!!6000000002575-55-tps-12-10.svg","","https://s.alicdn.com/@sc01/kf/H62868c75e7eb4fbba8f8eb600d749c2aR.png","","","https://s.alicdn.com/@img/imgextra/i1/O1CN01skevju1mJMrEIZqWk_!!6000000004933-55-tps-21-21.svg","https://s.alicdn.com/@img/imgextra/i1/O1CN01skevju1mJMrEIZqWk_!!6000000004933-55-tps-21-21.svg","",""
"1773520316-19","https://www.alibaba.com/search/page?spm=a2700.product_home_fy25.the-new-header_fy23_pc_search_bar.keydown__Enter&SearchScene=proSearch&SearchText=adult+toys&pro=true&from=pcHomeHeader","Little Dinosaur Fun Jumping Egg Vibrator 12 Modes Sucking Tongue Licking Private Masturbation Adult Women's Products","Dongguan Huanyu Hanxing Technology Co., Ltd.","1 yr","Min. order: 1 piece","5% reorder rate","$8.57","","","≤2h response time","","","","","4.0","4.0/5.0","(19)","$10 off every $100","Chat now","Add to cart","Adult","","","","","certified","","$20 off shipping","Delivery by Apr 05","CN","Easy Return","https://s.alicdn.com/@sc04/kf/H1b3e97701c664668a5f5b5de08df2711K.jpg_300x300.jpg","","","https://s.alicdn.com/@sc04/kf/Hdcdda68a5c974643bba82b99a60a9907G.png_100x100.png?webp=close&avif=close","","","https://s.alicdn.com/@img/imgextra/i1/O1CN01H0fqnK1Gpp8Bpra4W_!!6000000000672-55-tps-20-21.svg","","https://s.alicdn.com/@u/mobile/g/common/flags/1.0.0/assets/cn.png","https://s.alicdn.com/@img/imgextra/i3/O1CN01Bv2erf1UtOvnQdp1D_!!6000000002575-55-tps-12-10.svg","https://s.alicdn.com/@img/imgextra/i2/O1CN01eHcIQG1ooAkRWcKep_!!6000000005271-2-tps-33-33.png","https://s.alicdn.com/@sc01/kf/H62868c75e7eb4fbba8f8eb600d749c2aR.png","","https://s.alicdn.com/@img/imgextra/i4/O1CN01QUhXLX1lDaB0DYt9b_!!6000000004785-2-tps-34-34.png","https://s.alicdn.com/@img/imgextra/i1/O1CN01skevju1mJMrEIZqWk_!!6000000004933-55-tps-21-21.svg","https://s.alicdn.com/@img/imgextra/i1/O1CN01skevju1mJMrEIZqWk_!!6000000004933-55-tps-21-21.svg","https://s.alicdn.com/@img/imgextra/i1/O1CN01AKovar1kB0OVaoU0M_!!6000000004644-2-tps-34-33.png","https://s.alicdn.com/@img/imgextra/i2/O1CN01pZsS7S1RAZFleCw0N_!!6000000002071-2-tps-33-34.png"
"1773520316-20","https://www.alibaba.com/search/page?spm=a2700.product_home_fy25.the-new-header_fy23_pc_search_bar.keydown__Enter&SearchScene=proSearch&SearchText=adult+toys&pro=true&from=pcHomeHeader","Male Penis Pump Penis Enlarge Longer Device Powerful Sucking Penis Pump Sex Toys for Men Extender Sex Product","Guangzhou Hengmei Trading Co., Ltd.","3 yrs","Min. order: 1 piece","100+ store reviews","$8.90","","","200+ views from North America","≤11h response time","","","","4.9","4.9/5.0","(7)","Delivery by Apr 09","Chat now","Add to cart","Toys","","","","","","","FREE shipping","","CN","","https://s.alicdn.com/@sc04/kf/Had6c92f96a04470eaf92552b4717f4d4A.jpg_300x300.jpg","","","","","","https://s.alicdn.com/@img/imgextra/i1/O1CN01H0fqnK1Gpp8Bpra4W_!!6000000000672-55-tps-20-21.svg","","https://s.alicdn.com/@u/mobile/g/common/flags/1.0.0/assets/cn.png","https://s.alicdn.com/@img/imgextra/i2/O1CN01lUQbI41ymTPgE2qXM_!!6000000006621-55-tps-12-10.svg","https://s.alicdn.com/@img/imgextra/i2/O1CN01pZsS7S1RAZFleCw0N_!!6000000002071-2-tps-33-34.png","","","","https://s.alicdn.com/@img/imgextra/i1/O1CN01skevju1mJMrEIZqWk_!!6000000004933-55-tps-21-21.svg","https://s.alicdn.com/@img/imgextra/i1/O1CN01skevju1mJMrEIZqWk_!!6000000004933-55-tps-21-21.svg","https://s.alicdn.com/@img/imgextra/i1/O1CN01AKovar1kB0OVaoU0M_!!6000000004644-2-tps-34-33.png",""
"1773520316-21","https://www.alibaba.com/search/page?spm=a2700.product_home_fy25.the-new-header_fy23_pc_search_bar.keydown__Enter&SearchScene=proSearch&SearchText=adult+toys&pro=true&from=pcHomeHeader","20 Frequency 8 Speed Private Label Silicone Magic Adult Sex Toys AV Stick G-Spot Massager Product Wand Vibrator Women USB Power","Chenzhou Alice Technology Co., Ltd.","3 yrs","Min. order: 5 pieces","100+ store reviews","$2.89","Toys","16 sold","18% reorder rate","100+ views from North America","≤2h response time","","","4.8","4.8/5.0","(24)","","Chat now","Add to cart","Adult","","","","","","","","","CN","","https://s.alicdn.com/@sc04/kf/H5758fd97ea4c444b9c092a2d9940c74bC.png_300x300.png","","","","","","https://s.alicdn.com/@img/imgextra/i1/O1CN01H0fqnK1Gpp8Bpra4W_!!6000000000672-55-tps-20-21.svg","","https://s.alicdn.com/@u/mobile/g/common/flags/1.0.0/assets/cn.png","https://s.alicdn.com/@img/imgextra/i3/O1CN01Bv2erf1UtOvnQdp1D_!!6000000002575-55-tps-12-10.svg","","","","","https://s.alicdn.com/@img/imgextra/i1/O1CN01skevju1mJMrEIZqWk_!!6000000004933-55-tps-21-21.svg","https://s.alicdn.com/@img/imgextra/i1/O1CN01skevju1mJMrEIZqWk_!!6000000004933-55-tps-21-21.svg","",""
"1773520316-22","https://www.alibaba.com/search/page?spm=a2700.product_home_fy25.the-new-header_fy23_pc_search_bar.keydown__Enter&SearchScene=proSearch&SearchText=adult+toys&pro=true&from=pcHomeHeader","Colorful Medium 3-in-1 Male Masturbator Oral Anal Sex Realistic Lifelike Pocket Pussy for Man Masturbation Sex Toys","Colorful medium inc.","2 yrs","Min. order: 50 pieces","1400+ views from North America","$2.90-4.30","","","≤12h response time","","","","","","","","","Chat now","","Toys","","","","","","","","","US","","https://s.alicdn.com/@sc04/kf/H28d6665e00c641a08ec2953a604792ffO.jpg_300x300.jpg","","","","","https://s.alicdn.com/@img/imgextra/i3/O1CN01Bv2erf1UtOvnQdp1D_!!6000000002575-55-tps-12-10.svg","https://s.alicdn.com/@img/imgextra/i1/O1CN01H0fqnK1Gpp8Bpra4W_!!6000000000672-55-tps-20-21.svg","","https://s.alicdn.com/@u/mobile/g/common/flags/1.0.0/assets/us.png","https://s.alicdn.com/@img/imgextra/i3/O1CN01Bv2erf1UtOvnQdp1D_!!6000000002575-55-tps-12-10.svg","","","https://s.alicdn.com/@img/imgextra/i3/O1CN01Bv2erf1UtOvnQdp1D_!!6000000002575-55-tps-12-10.svg","","https://s.alicdn.com/@img/imgextra/i1/O1CN01skevju1mJMrEIZqWk_!!6000000004933-55-tps-21-21.svg","https://s.alicdn.com/@img/imgextra/i1/O1CN01skevju1mJMrEIZqWk_!!6000000004933-55-tps-21-21.svg","",""
"1773520316-23","https://www.alibaba.com/search/page?spm=a2700.product_home_fy25.the-new-header_fy23_pc_search_bar.keydown__Enter&SearchScene=proSearch&SearchText=adult+toys&pro=true&from=pcHomeHeader","Couple Sex Black Gloves Toy Masturbation Massage Products for Adult Flirting Erotic Games Masturbation Sex Toy Glove","Zhejiang Yelang Leather Co., Ltd.","12 yrs","Min. order: 3 pieces","100+ store reviews","$0.70-0.80","Adult","","4% reorder rate","100+ views from North America","","","","4.7","4.7/5.0","(15)","","Chat now","","Toy","Toy","","","Easy Return","","","","","CN","","https://s.alicdn.com/@sc04/kf/Hc9d956f03aa14318942cd6b136c07d48s.jpg_300x300.jpg","","","","","","https://s.alicdn.com/@img/imgextra/i1/O1CN01H0fqnK1Gpp8Bpra4W_!!6000000000672-55-tps-20-21.svg","https://s.alicdn.com/@img/imgextra/i4/O1CN01QUhXLX1lDaB0DYt9b_!!6000000004785-2-tps-34-34.png","https://s.alicdn.com/@u/mobile/g/common/flags/1.0.0/assets/cn.png","https://s.alicdn.com/@img/imgextra/i3/O1CN01Bv2erf1UtOvnQdp1D_!!6000000002575-55-tps-12-10.svg","","","","","https://s.alicdn.com/@img/imgextra/i1/O1CN01skevju1mJMrEIZqWk_!!6000000004933-55-tps-21-21.svg","https://s.alicdn.com/@img/imgextra/i1/O1CN01skevju1mJMrEIZqWk_!!6000000004933-55-tps-21-21.svg","",""
"1773520316-24","https://www.alibaba.com/search/page?spm=a2700.product_home_fy25.the-new-header_fy23_pc_search_bar.keydown__Enter&SearchScene=proSearch&SearchText=adult+toys&pro=true&from=pcHomeHeader","New Adult Sex Products Bullet Silicone Vibrator Sex Toys Electric Penis Massager Sex Tool Machine Dildos for Women","Shenzhen Great Force Plastic Products Co., Ltd.","10 yrs","Min. order: 100 pieces","100+ store reviews","$6.55-7.92","Toys","","≤2h response time","","","","","3.8","3.8/5.0","(3)","","Chat now","","Adult","","","","","certified","","","","CN","","https://s.alicdn.com/@sc04/kf/H1a78836c921c455f892b2295459aedbe2.png_300x300.png","","","https://s.alicdn.com/@sc04/kf/Hdbbb6a106e8d4515be692063768d8fd4J.png_100x100.png?webp=close&avif=close","","","https://s.alicdn.com/@img/imgextra/i1/O1CN01H0fqnK1Gpp8Bpra4W_!!6000000000672-55-tps-20-21.svg","","https://s.alicdn.com/@u/mobile/g/common/flags/1.0.0/assets/cn.png","https://s.alicdn.com/@img/imgextra/i2/O1CN01lUQbI41ymTPgE2qXM_!!6000000006621-55-tps-12-10.svg","","https://s.alicdn.com/@sc01/kf/H62868c75e7eb4fbba8f8eb600d749c2aR.png","","","https://s.alicdn.com/@img/imgextra/i1/O1CN01skevju1mJMrEIZqWk_!!6000000004933-55-tps-21-21.svg","https://s.alicdn.com/@img/imgextra/i1/O1CN01skevju1mJMrEIZqWk_!!6000000004933-55-tps-21-21.svg","",""
"1773520316-25","https://www.alibaba.com/search/page?spm=a2700.product_home_fy25.the-new-header_fy23_pc_search_bar.keydown__Enter&SearchScene=proSearch&SearchText=adult+toys&pro=true&from=pcHomeHeader","Realistic Dildo Adult Toys for , Thrusting Dildo Vibrator 10 Patterns Sex Toy, Adult Toy Clitoral Vibrator Female","Wallast (dongguan) Industry And Trade Co., Ltd.","3 yrs","Min. order: 100 pieces","50+ store reviews","$8","Toys","","70% reorder rate","≤3h response time","","","Adult","4.9","4.9/5.0","(13)","","Chat now","","Adult","Toy","","Toy","","certified","Easy Return","","","CN","","https://s.alicdn.com/@sc04/kf/H0b5060560d9c4934ad02a3293b38addcE.jpg_300x300.jpg","","https://s.alicdn.com/@sc04/kf/Hdcdda68a5c974643bba82b99a60a9907G.png_100x100.png?webp=close&avif=close","","https://s.alicdn.com/@img/imgextra/i4/O1CN01QUhXLX1lDaB0DYt9b_!!6000000004785-2-tps-34-34.png","","https://s.alicdn.com/@img/imgextra/i1/O1CN01H0fqnK1Gpp8Bpra4W_!!6000000000672-55-tps-20-21.svg","","https://s.alicdn.com/@u/mobile/g/common/flags/1.0.0/assets/cn.png","https://s.alicdn.com/@img/imgextra/i2/O1CN01lUQbI41ymTPgE2qXM_!!6000000006621-55-tps-12-10.svg","","https://s.alicdn.com/@sc01/kf/H62868c75e7eb4fbba8f8eb600d749c2aR.png","","","https://s.alicdn.com/@img/imgextra/i1/O1CN01skevju1mJMrEIZqWk_!!6000000004933-55-tps-21-21.svg","https://s.alicdn.com/@img/imgextra/i1/O1CN01skevju1mJMrEIZqWk_!!6000000004933-55-tps-21-21.svg","",""
"1773520316-26","https://www.alibaba.com/search/page?spm=a2700.product_home_fy25.the-new-header_fy23_pc_search_bar.keydown__Enter&SearchScene=proSearch&SearchText=adult+toys&pro=true&from=pcHomeHeader","Sex Products Erotic Toys for Adults BDSM Sex Bondage Set Handcuffs Nipple Clamps Gag Whip Rope Sex Toys for Couples","GlobalMerch Hub Limited","1 yr","Min. order: 1 piece","≤6h response time","$2.69-17.49","Adults","","","","","","","","","","","Chat now","","Toys","Toys","","","","","","","","HK","","https://s.alicdn.com/@sc04/kf/Hfa8bb56a876d4be9be02092f30ef9797H.jpg_300x300.jpg","","","","","","https://s.alicdn.com/@img/imgextra/i1/O1CN01H0fqnK1Gpp8Bpra4W_!!6000000000672-55-tps-20-21.svg","","https://s.alicdn.com/@u/mobile/g/common/flags/1.0.0/assets/hk.png","https://s.alicdn.com/@img/imgextra/i2/O1CN01lUQbI41ymTPgE2qXM_!!6000000006621-55-tps-12-10.svg","","","","","https://s.alicdn.com/@img/imgextra/i1/O1CN01skevju1mJMrEIZqWk_!!6000000004933-55-tps-21-21.svg","https://s.alicdn.com/@img/imgextra/i1/O1CN01skevju1mJMrEIZqWk_!!6000000004933-55-tps-21-21.svg","",""
"1773520316-27","https://www.alibaba.com/search/page?spm=a2700.product_home_fy25.the-new-header_fy23_pc_search_bar.keydown__Enter&SearchScene=proSearch&SearchText=adult+toys&pro=true&from=pcHomeHeader","Adult Sex Toys for Men Prostate Massager Games Vibrators Remote Control Adult Toys Anal Plug Vibrating Butt Plug Vibrating","Shenzhen Dreamspie Technology Co., Ltd.","3 yrs","Min. order: 1 piece","100+ store reviews","$7","Toys","","6% reorder rate","≤10h response time","","","Toys","4.4","4.4/5.0","(83)","Easy Return","Chat now","Add to cart","Adult","Adult","","","","","","$20 off shipping","","CN","","https://s.alicdn.com/@sc04/kf/H9e100d96f7cb43d0ab13305a19e579a1i.jpg_300x300.jpg","","","","","","https://s.alicdn.com/@img/imgextra/i1/O1CN01H0fqnK1Gpp8Bpra4W_!!6000000000672-55-tps-20-21.svg","","https://s.alicdn.com/@u/mobile/g/common/flags/1.0.0/assets/cn.png","https://s.alicdn.com/@img/imgextra/i3/O1CN01Bv2erf1UtOvnQdp1D_!!6000000002575-55-tps-12-10.svg","https://s.alicdn.com/@img/imgextra/i4/O1CN01QUhXLX1lDaB0DYt9b_!!6000000004785-2-tps-34-34.png","","","","https://s.alicdn.com/@img/imgextra/i1/O1CN01skevju1mJMrEIZqWk_!!6000000004933-55-tps-21-21.svg","https://s.alicdn.com/@img/imgextra/i1/O1CN01skevju1mJMrEIZqWk_!!6000000004933-55-tps-21-21.svg","https://s.alicdn.com/@img/imgextra/i1/O1CN01AKovar1kB0OVaoU0M_!!6000000004644-2-tps-34-33.png",""
"1773520316-28","https://www.alibaba.com/search/page?spm=a2700.product_home_fy25.the-new-header_fy23_pc_search_bar.keydown__Enter&SearchScene=proSearch&SearchText=adult+toys&pro=true&from=pcHomeHeader","Adult Men Women Sex Toys Silicone Dildo Shape Dual Clitoris Anal Sex Vibrator","Shenzhen Shuiyifang Technology Co., Ltd.","14 yrs","Min. order: 10 pieces","100+ store reviews","$6.50","Toys","","","","","","","5.0","5.0/5.0","(2)","5-day dispatch","Chat now","Add to cart","Adult","","","","","","","$10 off every $100","Easy Return","CN","","https://s.alicdn.com/@sc04/kf/H74eae197321943348589a99e841f65acA.jpg_300x300.jpg","","","","","","https://s.alicdn.com/@img/imgextra/i1/O1CN01H0fqnK1Gpp8Bpra4W_!!6000000000672-55-tps-20-21.svg","","https://s.alicdn.com/@u/mobile/g/common/flags/1.0.0/assets/cn.png","https://s.alicdn.com/@img/imgextra/i2/O1CN01lUQbI41ymTPgE2qXM_!!6000000006621-55-tps-12-10.svg","https://s.alicdn.com/@img/imgextra/i2/O1CN01pZsS7S1RAZFleCw0N_!!6000000002071-2-tps-33-34.png","","","","https://s.alicdn.com/@img/imgextra/i1/O1CN01skevju1mJMrEIZqWk_!!6000000004933-55-tps-21-21.svg","https://s.alicdn.com/@img/imgextra/i1/O1CN01skevju1mJMrEIZqWk_!!6000000004933-55-tps-21-21.svg","https://s.alicdn.com/@img/imgextra/i2/O1CN01eHcIQG1ooAkRWcKep_!!6000000005271-2-tps-33-33.png","https://s.alicdn.com/@img/imgextra/i4/O1CN01QUhXLX1lDaB0DYt9b_!!6000000004785-2-tps-34-34.png"
"1773520316-29","https://www.alibaba.com/search/page?spm=a2700.product_home_fy25.the-new-header_fy23_pc_search_bar.keydown__Enter&SearchScene=proSearch&SearchText=adult+toys&pro=true&from=pcHomeHeader","Vibrator Adult Sex Toys for Women 3 in 1 Tongue Pulse Vibrators Dildo Clit Stimulator for Female Couples Adult Games","Shenzhen Chiyuan Commodity Co., Ltd.","7 yrs","Min. order: 3 pieces","300+ store reviews","$8.45","Toys","","8% reorder rate","≤5h response time","","","","4.9","4.9/5.0","(16)","5-day dispatch","Chat now","Add to cart","Adult","Adult","","","","","","FREE shipping","","CN","","https://s.alicdn.com/@sc04/kf/H8ddaf51def344242ac6aef268f8189afC.jpg_300x300.jpg","","","","","","https://s.alicdn.com/@img/imgextra/i1/O1CN01H0fqnK1Gpp8Bpra4W_!!6000000000672-55-tps-20-21.svg","","https://s.alicdn.com/@u/mobile/g/common/flags/1.0.0/assets/cn.png","https://s.alicdn.com/@img/imgextra/i3/O1CN01Bv2erf1UtOvnQdp1D_!!6000000002575-55-tps-12-10.svg","https://s.alicdn.com/@img/imgextra/i2/O1CN01pZsS7S1RAZFleCw0N_!!6000000002071-2-tps-33-34.png","","","","https://s.alicdn.com/@img/imgextra/i1/O1CN01skevju1mJMrEIZqWk_!!6000000004933-55-tps-21-21.svg","https://s.alicdn.com/@img/imgextra/i1/O1CN01skevju1mJMrEIZqWk_!!6000000004933-55-tps-21-21.svg","https://s.alicdn.com/@img/imgextra/i1/O1CN01AKovar1kB0OVaoU0M_!!6000000004644-2-tps-34-33.png",""
"1773520316-30","https://www.alibaba.com/search/page?spm=a2700.product_home_fy25.the-new-header_fy23_pc_search_bar.keydown__Enter&SearchScene=proSearch&SearchText=adult+toys&pro=true&from=pcHomeHeader","Mini Adult Anal Vibrator & Clitoral G-Spot Stimulator Sex Toy for Men & Women","Guangxi Mushu Jishe International Trade Co., Ltd.","1 yr","Min. order: 20 pieces","≤2h response time","$7","Toy","","","","","","","4.3","4.3/5.0","(8)","Delivery by Apr 24","Chat now","Add to cart","Adult","","","","","","","$20 off shipping","Easy Return","CN","","https://s.alicdn.com/@sc04/kf/H145db9e746d04ec8813fc3600edbd064G.png_300x300.png","","","","","","https://s.alicdn.com/@img/imgextra/i1/O1CN01H0fqnK1Gpp8Bpra4W_!!6000000000672-55-tps-20-21.svg","","https://s.alicdn.com/@u/mobile/g/common/flags/1.0.0/assets/cn.png","https://s.alicdn.com/@img/imgextra/i2/O1CN01lUQbI41ymTPgE2qXM_!!6000000006621-55-tps-12-10.svg","https://s.alicdn.com/@img/imgextra/i2/O1CN01pZsS7S1RAZFleCw0N_!!6000000002071-2-tps-33-34.png","","","","https://s.alicdn.com/@img/imgextra/i1/O1CN01skevju1mJMrEIZqWk_!!6000000004933-55-tps-21-21.svg","https://s.alicdn.com/@img/imgextra/i1/O1CN01skevju1mJMrEIZqWk_!!6000000004933-55-tps-21-21.svg","https://s.alicdn.com/@img/imgextra/i1/O1CN01AKovar1kB0OVaoU0M_!!6000000004644-2-tps-34-33.png","https://s.alicdn.com/@img/imgextra/i4/O1CN01QUhXLX1lDaB0DYt9b_!!6000000004785-2-tps-34-34.png"
"1773520316-31","https://www.alibaba.com/search/page?spm=a2700.product_home_fy25.the-new-header_fy23_pc_search_bar.keydown__Enter&SearchScene=proSearch&SearchText=adult+toys&pro=true&from=pcHomeHeader","High Quality Adult Sex Toys 12 Frequency Vibration Portable Design Safe Material for Personal Wellness and Private Relaxation","Chongqing Winter Technology Co., Ltd.","1 yr","Min. order: 50 pieces","6% reorder rate","$1.62","Toys","","≤2h response time","","","","","4.0","4.0/5.0","(13)","Delivery by Apr 04","Chat now","Add to cart","Adult","","","","","","","$20 off shipping","Easy Return","CN","","https://s.alicdn.com/@sc04/kf/H6a19ceea0076423e9e0404685e4583f9U.jpg_300x300.jpg","","","","","","https://s.alicdn.com/@img/imgextra/i1/O1CN01H0fqnK1Gpp8Bpra4W_!!6000000000672-55-tps-20-21.svg","","https://s.alicdn.com/@u/mobile/g/common/flags/1.0.0/assets/cn.png","https://s.alicdn.com/@img/imgextra/i3/O1CN01Bv2erf1UtOvnQdp1D_!!6000000002575-55-tps-12-10.svg","https://s.alicdn.com/@img/imgextra/i2/O1CN01pZsS7S1RAZFleCw0N_!!6000000002071-2-tps-33-34.png","","","","https://s.alicdn.com/@img/imgextra/i1/O1CN01skevju1mJMrEIZqWk_!!6000000004933-55-tps-21-21.svg","https://s.alicdn.com/@img/imgextra/i1/O1CN01skevju1mJMrEIZqWk_!!6000000004933-55-tps-21-21.svg","https://s.alicdn.com/@img/imgextra/i1/O1CN01AKovar1kB0OVaoU0M_!!6000000004644-2-tps-34-33.png","https://s.alicdn.com/@img/imgextra/i4/O1CN01QUhXLX1lDaB0DYt9b_!!6000000004785-2-tps-34-34.png"
"1773520316-32","https://www.alibaba.com/search/page?spm=a2700.product_home_fy25.the-new-header_fy23_pc_search_bar.keydown__Enter&SearchScene=proSearch&SearchText=adult+toys&pro=true&from=pcHomeHeader","USB Power Adult Toys for Men and Women G Spot Vibrator Fun Vibrating Dildo with Bullet Vibrator","Shanxi Baiao Word Of Mouth Technology Co.,ltd","2 yrs","Min. order: 10 pieces","600+ store reviews","$3.60","Toys","43 sold","8% reorder rate","1100+ views from North America","≤2h response time","","","4.7","4.7/5.0","(260)","5-day dispatch","Chat now","Add to cart","Adult","","","","","certified","","$20 off shipping","Money-back guarantee","CN","","https://s.alicdn.com/@sc04/kf/H5aec92e7fbd54f4da7c812929598440ez.png_300x300.png","https://s.alicdn.com/@sc04/kf/Hdbbb6a106e8d4515be692063768d8fd4J.png_100x100.png?webp=close&avif=close","https://s.alicdn.com/@sc04/kf/H1603a777e41b4b4eb3cba19c631cff6cX.png_100x100.png?webp=close&avif=close","","","","https://s.alicdn.com/@img/imgextra/i1/O1CN01H0fqnK1Gpp8Bpra4W_!!6000000000672-55-tps-20-21.svg","","https://s.alicdn.com/@u/mobile/g/common/flags/1.0.0/assets/cn.png","https://s.alicdn.com/@img/imgextra/i3/O1CN01Bv2erf1UtOvnQdp1D_!!6000000002575-55-tps-12-10.svg","https://s.alicdn.com/@img/imgextra/i2/O1CN01pZsS7S1RAZFleCw0N_!!6000000002071-2-tps-33-34.png","https://s.alicdn.com/@sc01/kf/H62868c75e7eb4fbba8f8eb600d749c2aR.png","","","https://s.alicdn.com/@img/imgextra/i1/O1CN01skevju1mJMrEIZqWk_!!6000000004933-55-tps-21-21.svg","https://s.alicdn.com/@img/imgextra/i1/O1CN01skevju1mJMrEIZqWk_!!6000000004933-55-tps-21-21.svg","https://s.alicdn.com/@img/imgextra/i1/O1CN01AKovar1kB0OVaoU0M_!!6000000004644-2-tps-34-33.png","https://s.alicdn.com/@img/imgextra/i2/O1CN01pZsS7S1RAZFleCw0N_!!6000000002071-2-tps-33-34.png"
"1773520316-33","https://www.alibaba.com/search/page?spm=a2700.product_home_fy25.the-new-header_fy23_pc_search_bar.keydown__Enter&SearchScene=proSearch&SearchText=adult+toys&pro=true&from=pcHomeHeader","Adult Sex Toys App Remote Control 10-Speed Vibration USB-Powered Electric Masturbator with ABS & Silicone Material and Latex","Jinan Fengshengchi Trading Co., Ltd.","1 yr","Min. order: 50 pieces","≤2h response time","$7.20","Toys","","","","","","","","","","","Chat now","","Adult","","","","Easy Return","","","","","CN","","https://s.alicdn.com/@sc04/kf/A873811b7ddd542a58b225cb8e44314a19.jpg_300x300.jpg","","","","","","https://s.alicdn.com/@img/imgextra/i1/O1CN01H0fqnK1Gpp8Bpra4W_!!6000000000672-55-tps-20-21.svg","https://s.alicdn.com/@img/imgextra/i4/O1CN01QUhXLX1lDaB0DYt9b_!!6000000004785-2-tps-34-34.png","https://s.alicdn.com/@u/mobile/g/common/flags/1.0.0/assets/cn.png","https://s.alicdn.com/@img/imgextra/i2/O1CN01lUQbI41ymTPgE2qXM_!!6000000006621-55-tps-12-10.svg","","","","","https://s.alicdn.com/@img/imgextra/i1/O1CN01skevju1mJMrEIZqWk_!!6000000004933-55-tps-21-21.svg","https://s.alicdn.com/@img/imgextra/i1/O1CN01skevju1mJMrEIZqWk_!!6000000004933-55-tps-21-21.svg","",""
"1773520316-34","https://www.alibaba.com/search/page?spm=a2700.product_home_fy25.the-new-header_fy23_pc_search_bar.keydown__Enter&SearchScene=proSearch&SearchText=adult+toys&pro=true&from=pcHomeHeader","Vagina G Spot Massager Rabbit Vibrator Adult Toy for Old Women Masturbation Sex Toy","Shenzhen Darkool Technology Co., Ltd.","11 yrs","Min. order: 2 pieces","100+ store reviews","$6.80","Toy","","≤10h response time","","","","","4.6","4.6/5.0","(2)","3-day dispatch","Chat now","Add to cart","Adult","Toy","","","","","","FREE shipping","Money-back guarantee","CN","","https://s.alicdn.com/@sc04/kf/HTB1NjxvbRWD3KVjSZKPq6yp7FXac.jpg_300x300.jpg","","","https://s.alicdn.com/@sc01/kf/Hdbac61a2fce04421bb714a28e201ead6R.png?webp=close&avif=close","","","https://s.alicdn.com/@img/imgextra/i1/O1CN01H0fqnK1Gpp8Bpra4W_!!6000000000672-55-tps-20-21.svg","","https://s.alicdn.com/@u/mobile/g/common/flags/1.0.0/assets/cn.png","https://s.alicdn.com/@img/imgextra/i2/O1CN01lUQbI41ymTPgE2qXM_!!6000000006621-55-tps-12-10.svg","https://s.alicdn.com/@img/imgextra/i2/O1CN01pZsS7S1RAZFleCw0N_!!6000000002071-2-tps-33-34.png","","","","https://s.alicdn.com/@img/imgextra/i1/O1CN01skevju1mJMrEIZqWk_!!6000000004933-55-tps-21-21.svg","https://s.alicdn.com/@img/imgextra/i1/O1CN01skevju1mJMrEIZqWk_!!6000000004933-55-tps-21-21.svg","https://s.alicdn.com/@img/imgextra/i1/O1CN01AKovar1kB0OVaoU0M_!!6000000004644-2-tps-34-33.png","https://s.alicdn.com/@img/imgextra/i2/O1CN01pZsS7S1RAZFleCw0N_!!6000000002071-2-tps-33-34.png"
"1773520316-35","https://www.alibaba.com/search/page?spm=a2700.product_home_fy25.the-new-header_fy23_pc_search_bar.keydown__Enter&SearchScene=proSearch&SearchText=adult+toys&pro=true&from=pcHomeHeader","Sex Toys for Adult Products Imitate Finger Tapping to Stimulate Vagina Vibrating Clitoris Female Masturbation Vibrator","Shenzhen Zhonghongtian Technology Co., Ltd.","4 yrs","Min. order: 1 piece","1500+ store reviews","$5.29-11.59","Adult","","14% reorder rate","≤7h response time","","","","4.4","4.4/5.0","(38)","","Chat now","Add to cart","Toys","","","","","","","","","CN","","https://s.alicdn.com/@sc04/kf/Hd9a62cbf82984ff299fcfddb6fe16d946.png_300x300.png","","","","","","https://s.alicdn.com/@img/imgextra/i1/O1CN01H0fqnK1Gpp8Bpra4W_!!6000000000672-55-tps-20-21.svg","","https://s.alicdn.com/@u/mobile/g/common/flags/1.0.0/assets/cn.png","https://s.alicdn.com/@img/imgextra/i2/O1CN01lUQbI41ymTPgE2qXM_!!6000000006621-55-tps-12-10.svg","","","","","https://s.alicdn.com/@img/imgextra/i1/O1CN01skevju1mJMrEIZqWk_!!6000000004933-55-tps-21-21.svg","https://s.alicdn.com/@img/imgextra/i1/O1CN01skevju1mJMrEIZqWk_!!6000000004933-55-tps-21-21.svg","",""
"1773520316-36","https://www.alibaba.com/search/page?spm=a2700.product_home_fy25.the-new-header_fy23_pc_search_bar.keydown__Enter&SearchScene=proSearch&SearchText=adult+toys&pro=true&from=pcHomeHeader","Sucking Rose Big Mouth Vibrator Anal Toys Clit Stimulator Nipple G Spot Tongue Licking Vibrator Adult Female Sex Toys for Women","Shenzhen Everycom Technology Company Limited","13 yrs","Min. order: 1 piece","1000+ store reviews","$12.79","Adult","7 sold","8% reorder rate","3200+ views from North America","≤3h response time","","","4.6","4.6/5.0","(127)","5-day dispatch","Chat now","Add to cart","Toys","Toys","","","","","","FREE shipping","Money-back guarantee","CN","","https://s.alicdn.com/@sc04/kf/H7e23247b56624a83a6a7c25912ff42aam.jpg_300x300.jpg","","","https://s.alicdn.com/@sc01/kf/Hdbac61a2fce04421bb714a28e201ead6R.png?webp=close&avif=close","","","https://s.alicdn.com/@img/imgextra/i1/O1CN01H0fqnK1Gpp8Bpra4W_!!6000000000672-55-tps-20-21.svg","","https://s.alicdn.com/@u/mobile/g/common/flags/1.0.0/assets/cn.png","https://s.alicdn.com/@img/imgextra/i3/O1CN01Bv2erf1UtOvnQdp1D_!!6000000002575-55-tps-12-10.svg","https://s.alicdn.com/@img/imgextra/i2/O1CN01pZsS7S1RAZFleCw0N_!!6000000002071-2-tps-33-34.png","","","","https://s.alicdn.com/@img/imgextra/i1/O1CN01skevju1mJMrEIZqWk_!!6000000004933-55-tps-21-21.svg","https://s.alicdn.com/@img/imgextra/i1/O1CN01skevju1mJMrEIZqWk_!!6000000004933-55-tps-21-21.svg","https://s.alicdn.com/@img/imgextra/i1/O1CN01AKovar1kB0OVaoU0M_!!6000000004644-2-tps-34-33.png","https://s.alicdn.com/@img/imgextra/i2/O1CN01pZsS7S1RAZFleCw0N_!!6000000002071-2-tps-33-34.png"
"1773520316-37","https://www.alibaba.com/search/page?spm=a2700.product_home_fy25.the-new-header_fy23_pc_search_bar.keydown__Enter&SearchScene=proSearch&SearchText=adult+toys&pro=true&from=pcHomeHeader","Soft Suction Adult Sex Toys for Men Automatic Adult Masturbator with Penis Stimulation Feature","Shenzhen Aizhiyin Toy Products Co., Ltd.","2 yrs","Min. order: 1 piece","700+ store reviews","$6.80","Toys","","≤2h response time","","","","","5.0","5.0/5.0","(9)","Delivery by Apr 05","Chat now","Add to cart","Adult","Adult","","","","","","$20 off shipping","","CN","","https://s.alicdn.com/@sc04/kf/Hf8f52434df4444c5be102843238c5533D.jpg_300x300.jpg","","","","","","https://s.alicdn.com/@img/imgextra/i1/O1CN01H0fqnK1Gpp8Bpra4W_!!6000000000672-55-tps-20-21.svg","","https://s.alicdn.com/@u/mobile/g/common/flags/1.0.0/assets/cn.png","https://s.alicdn.com/@img/imgextra/i2/O1CN01lUQbI41ymTPgE2qXM_!!6000000006621-55-tps-12-10.svg","https://s.alicdn.com/@img/imgextra/i2/O1CN01pZsS7S1RAZFleCw0N_!!6000000002071-2-tps-33-34.png","","","","https://s.alicdn.com/@img/imgextra/i1/O1CN01skevju1mJMrEIZqWk_!!6000000004933-55-tps-21-21.svg","https://s.alicdn.com/@img/imgextra/i1/O1CN01skevju1mJMrEIZqWk_!!6000000004933-55-tps-21-21.svg","https://s.alicdn.com/@img/imgextra/i1/O1CN01AKovar1kB0OVaoU0M_!!6000000004644-2-tps-34-33.png",""
"1773520316-38","https://www.alibaba.com/search/page?spm=a2700.product_home_fy25.the-new-header_fy23_pc_search_bar.keydown__Enter&SearchScene=proSearch&SearchText=adult+toys&pro=true&from=pcHomeHeader","Masturbator Cup Adult Men's Masturbation Toys and Fun Products Masturbator-for-man","Chongqing Good Guys Import And Export Trading Co., Ltd.","1 yr","Min. order: 1 piece","100+ views from North America","$4.42","Toys","","","","","","","","","","Delivery by Apr 05","Chat now","Add to cart","Adult","","","","","","","$20 off shipping","Easy Return","CN","","https://s.alicdn.com/@sc04/kf/Hc03c95a822c04ad69b57efa1f8567eeb6.jpg_300x300.jpg","","","","","","https://s.alicdn.com/@img/imgextra/i1/O1CN01H0fqnK1Gpp8Bpra4W_!!6000000000672-55-tps-20-21.svg","","https://s.alicdn.com/@u/mobile/g/common/flags/1.0.0/assets/cn.png","https://s.alicdn.com/@img/imgextra/i2/O1CN01lUQbI41ymTPgE2qXM_!!6000000006621-55-tps-12-10.svg","https://s.alicdn.com/@img/imgextra/i2/O1CN01pZsS7S1RAZFleCw0N_!!6000000002071-2-tps-33-34.png","","","","https://s.alicdn.com/@img/imgextra/i1/O1CN01skevju1mJMrEIZqWk_!!6000000004933-55-tps-21-21.svg","https://s.alicdn.com/@img/imgextra/i1/O1CN01skevju1mJMrEIZqWk_!!6000000004933-55-tps-21-21.svg","https://s.alicdn.com/@img/imgextra/i1/O1CN01AKovar1kB0OVaoU0M_!!6000000004644-2-tps-34-33.png","https://s.alicdn.com/@img/imgextra/i4/O1CN01QUhXLX1lDaB0DYt9b_!!6000000004785-2-tps-34-34.png"
"1773520316-39","https://www.alibaba.com/search/page?spm=a2700.product_home_fy25.the-new-header_fy23_pc_search_bar.keydown__Enter&SearchScene=proSearch&SearchText=adult+toys&pro=true&from=pcHomeHeader","Wholesale Adult Toys Long Thread AV Wand Vibrator G Spot Massage Stick Anal Dildo for Women Massage","Guangzhou Xilong Trading Company Ltd.","8 yrs","Min. order: 3 pieces","1300+ store reviews","$1.56","Toys","40 sold","17% reorder rate","1000+ views from North America","≤6h response time","","","4.7","4.7/5.0","(51)","$10 off every $100","Chat now","Add to cart","Adult","","","","","","","FREE shipping","Delivery by Apr 05","CN","","https://s.alicdn.com/@sc04/kf/H34dc361e1c14440d94f77a6dbfc8eea4W.jpg_300x300.jpg","","","","","","https://s.alicdn.com/@img/imgextra/i1/O1CN01H0fqnK1Gpp8Bpra4W_!!6000000000672-55-tps-20-21.svg","","https://s.alicdn.com/@u/mobile/g/common/flags/1.0.0/assets/cn.png","https://s.alicdn.com/@img/imgextra/i2/O1CN01lUQbI41ymTPgE2qXM_!!6000000006621-55-tps-12-10.svg","https://s.alicdn.com/@img/imgextra/i2/O1CN01eHcIQG1ooAkRWcKep_!!6000000005271-2-tps-33-33.png","","","","https://s.alicdn.com/@img/imgextra/i1/O1CN01skevju1mJMrEIZqWk_!!6000000004933-55-tps-21-21.svg","https://s.alicdn.com/@img/imgextra/i1/O1CN01skevju1mJMrEIZqWk_!!6000000004933-55-tps-21-21.svg","https://s.alicdn.com/@img/imgextra/i1/O1CN01AKovar1kB0OVaoU0M_!!6000000004644-2-tps-34-33.png","https://s.alicdn.com/@img/imgextra/i2/O1CN01pZsS7S1RAZFleCw0N_!!6000000002071-2-tps-33-34.png"
"1773520316-40","https://www.alibaba.com/search/page?spm=a2700.product_home_fy25.the-new-header_fy23_pc_search_bar.keydown__Enter&SearchScene=proSearch&SearchText=adult+toys&pro=true&from=pcHomeHeader","Adult Sex Toys Mini Wand G-Spot Stimulator & 2 AA Battery Vibrator for Women","Guangzhou Quaige Wellness Technology Co., Ltd.","7 yrs","Min. order: 5 pieces","200+ store reviews","$2.90","Toys","","4% reorder rate","100+ views from North America","≤8h response time","","","4.6","4.6/5.0","(7)","Easy Return","Chat now","Add to cart","Adult","","","","","","","$20 off shipping","","CN","","https://s.alicdn.com/@sc04/kf/H0f61859493d74719b2ada020e264e85eQ.jpg_300x300.jpg","","","","","","https://s.alicdn.com/@img/imgextra/i1/O1CN01H0fqnK1Gpp8Bpra4W_!!6000000000672-55-tps-20-21.svg","","https://s.alicdn.com/@u/mobile/g/common/flags/1.0.0/assets/cn.png","https://s.alicdn.com/@img/imgextra/i2/O1CN01lUQbI41ymTPgE2qXM_!!6000000006621-55-tps-12-10.svg","https://s.alicdn.com/@img/imgextra/i4/O1CN01QUhXLX1lDaB0DYt9b_!!6000000004785-2-tps-34-34.png","","","","https://s.alicdn.com/@img/imgextra/i1/O1CN01skevju1mJMrEIZqWk_!!6000000004933-55-tps-21-21.svg","https://s.alicdn.com/@img/imgextra/i1/O1CN01skevju1mJMrEIZqWk_!!6000000004933-55-tps-21-21.svg","https://s.alicdn.com/@img/imgextra/i1/O1CN01AKovar1kB0OVaoU0M_!!6000000004644-2-tps-34-33.png",""
"1773520316-41","https://www.alibaba.com/search/page?spm=a2700.product_home_fy25.the-new-header_fy23_pc_search_bar.keydown__Enter&SearchScene=proSearch&SearchText=adult+toys&pro=true&from=pcHomeHeader","Women's Anal Play Adult Products Adult Masturbation Tool Liquid Silicone Dildo Sex Toy Soft Feature","Chongqing Otem Network Technology Co., Ltd.","2 yrs","Min. order: 10 pieces","16% reorder rate","$10.30-12.33","Adult","","≤2h response time","","","","","4.6","4.6/5.0","(24)","","Chat now","","Adult","Toy","","","Easy Return","","","","","CN","","https://s.alicdn.com/@sc04/kf/H6f634626167a4565bd86088ef7b75f31w.jpg_300x300.jpg","","","","","","https://s.alicdn.com/@img/imgextra/i1/O1CN01H0fqnK1Gpp8Bpra4W_!!6000000000672-55-tps-20-21.svg","https://s.alicdn.com/@img/imgextra/i4/O1CN01QUhXLX1lDaB0DYt9b_!!6000000004785-2-tps-34-34.png","https://s.alicdn.com/@u/mobile/g/common/flags/1.0.0/assets/cn.png","https://s.alicdn.com/@img/imgextra/i3/O1CN01Bv2erf1UtOvnQdp1D_!!6000000002575-55-tps-12-10.svg","","","","","https://s.alicdn.com/@img/imgextra/i1/O1CN01skevju1mJMrEIZqWk_!!6000000004933-55-tps-21-21.svg","https://s.alicdn.com/@img/imgextra/i1/O1CN01skevju1mJMrEIZqWk_!!6000000004933-55-tps-21-21.svg","",""
"1773520316-42","https://www.alibaba.com/search/page?spm=a2700.product_home_fy25.the-new-header_fy23_pc_search_bar.keydown__Enter&SearchScene=proSearch&SearchText=adult+toys&pro=true&from=pcHomeHeader","Popular Best Sex Toy Manufacturer Adult Sex Model Toy for Women Adult Sex Toys for Men and Women Masturbators","Shandong X.Y. Co., Ltd.","3 yrs","Min. order: 3 pieces","900+ store reviews","$19.10","Adult","1 sold","10% reorder rate","600+ views from North America","≤3h response time","","Adult","4.4","4.4/5.0","(20)","Easy Return","Chat now","Add to cart","Toy","Toy","","Toys","","","","$10 off every $100","","CN","","https://s.alicdn.com/@sc04/kf/Hf05ce0f8c0494c1b92622162007613153.jpg_300x300.jpg","","","","","","https://s.alicdn.com/@img/imgextra/i1/O1CN01H0fqnK1Gpp8Bpra4W_!!6000000000672-55-tps-20-21.svg","","https://s.alicdn.com/@u/mobile/g/common/flags/1.0.0/assets/cn.png","https://s.alicdn.com/@img/imgextra/i2/O1CN01lUQbI41ymTPgE2qXM_!!6000000006621-55-tps-12-10.svg","https://s.alicdn.com/@img/imgextra/i4/O1CN01QUhXLX1lDaB0DYt9b_!!6000000004785-2-tps-34-34.png","","","","https://s.alicdn.com/@img/imgextra/i1/O1CN01skevju1mJMrEIZqWk_!!6000000004933-55-tps-21-21.svg","https://s.alicdn.com/@img/imgextra/i1/O1CN01skevju1mJMrEIZqWk_!!6000000004933-55-tps-21-21.svg","https://s.alicdn.com/@img/imgextra/i2/O1CN01eHcIQG1ooAkRWcKep_!!6000000005271-2-tps-33-33.png",""
"1773520316-43","https://www.alibaba.com/search/page?spm=a2700.product_home_fy25.the-new-header_fy23_pc_search_bar.keydown__Enter&SearchScene=proSearch&SearchText=adult+toys&pro=true&from=pcHomeHeader","Male Masturbator Vibration Pocket Pussy Real Vagina Oral Masturbation Cup Flashlight Shape Man Adult Vagina Sex Toy for Men","Huizhou Style-Vibes Tech Co, Ltd.","2 yrs","Min. order: 500 pieces","32% reorder rate","$15.44-15.75","Toy","40 sold","2500+ views from North America","≤8h response time","","","","5.0","5.0/5.0","(2)","","Chat now","","Adult","","","","Easy Return","","","","","CN","","https://s.alicdn.com/@sc04/kf/Hd46502fdfe6944b08ed0f75ac7f7a7104.jpg_300x300.jpg","","","","","","https://s.alicdn.com/@img/imgextra/i1/O1CN01H0fqnK1Gpp8Bpra4W_!!6000000000672-55-tps-20-21.svg","https://s.alicdn.com/@img/imgextra/i4/O1CN01QUhXLX1lDaB0DYt9b_!!6000000004785-2-tps-34-34.png","https://s.alicdn.com/@u/mobile/g/common/flags/1.0.0/assets/cn.png","https://s.alicdn.com/@img/imgextra/i3/O1CN01Bv2erf1UtOvnQdp1D_!!6000000002575-55-tps-12-10.svg","","","https://s.alicdn.com/@img/imgextra/i3/O1CN01Bv2erf1UtOvnQdp1D_!!6000000002575-55-tps-12-10.svg","","https://s.alicdn.com/@img/imgextra/i1/O1CN01skevju1mJMrEIZqWk_!!6000000004933-55-tps-21-21.svg","https://s.alicdn.com/@img/imgextra/i1/O1CN01skevju1mJMrEIZqWk_!!6000000004933-55-tps-21-21.svg","",""
"1773520316-44","https://www.alibaba.com/search/page?spm=a2700.product_home_fy25.the-new-header_fy23_pc_search_bar.keydown__Enter&SearchScene=proSearch&SearchText=adult+toys&pro=true&from=pcHomeHeader","Rabbit Vibrator with 7 Sucking 7 Thrust Modes , G Spot Vibrator Clitoral Vibrators Adult Sex Toys for Couples Games Adult Toys","Dongguan Mivoo Silicon Electronics Co., Ltd.","9 yrs","Min. order: 10 pieces","2400+ store reviews","$12.27","Toys","","5% reorder rate","≤5h response time","","","Toys","4.4","4.4/5.0","(19)","5-day dispatch","Chat now","Add to cart","Adult","Adult","","","","","","$20 off shipping","Easy Return","CN","","https://s.alicdn.com/@sc04/kf/Hfd1d7269749b41e2ab783f22e7ffaecdV.jpg_300x300.jpg","","","","","","https://s.alicdn.com/@img/imgextra/i1/O1CN01H0fqnK1Gpp8Bpra4W_!!6000000000672-55-tps-20-21.svg","","https://s.alicdn.com/@u/mobile/g/common/flags/1.0.0/assets/cn.png","https://s.alicdn.com/@img/imgextra/i2/O1CN01lUQbI41ymTPgE2qXM_!!6000000006621-55-tps-12-10.svg","https://s.alicdn.com/@img/imgextra/i2/O1CN01pZsS7S1RAZFleCw0N_!!6000000002071-2-tps-33-34.png","","","","https://s.alicdn.com/@img/imgextra/i1/O1CN01skevju1mJMrEIZqWk_!!6000000004933-55-tps-21-21.svg","https://s.alicdn.com/@img/imgextra/i1/O1CN01skevju1mJMrEIZqWk_!!6000000004933-55-tps-21-21.svg","https://s.alicdn.com/@img/imgextra/i1/O1CN01AKovar1kB0OVaoU0M_!!6000000004644-2-tps-34-33.png","https://s.alicdn.com/@img/imgextra/i4/O1CN01QUhXLX1lDaB0DYt9b_!!6000000004785-2-tps-34-34.png"
"1773520316-45","https://www.alibaba.com/search/page?spm=a2700.product_home_fy25.the-new-header_fy23_pc_search_bar.keydown__Enter&SearchScene=proSearch&SearchText=adult+toys&pro=true&from=pcHomeHeader","Libo Juguetes Sexuales Sex Toy for Women Box Massager Vibrator Couples Sucking Toy Adult Product Female Clitoral Stimulator","Shandong Libo Electronic Technology Co., Ltd.","1 yr","Min. order: 1 piece","2% reorder rate","$8.60","Toy","","1500+ views from North America","≤1h response time","","","","4.6","4.6/5.0","(7)","Delivery by Apr 10","Chat now","Add to cart","Toy","Adult","","","","certified","","$20 off shipping","Money-back guarantee","CN","","https://s.alicdn.com/@sc04/kf/Hb6d6856a5db64d18acd50bd0161b0dcag.jpg_300x300.jpg","https://s.alicdn.com/@sc04/kf/Hdcdda68a5c974643bba82b99a60a9907G.png_100x100.png?webp=close&avif=close","https://s.alicdn.com/@sc04/kf/H3ad5a26ff8134e289b6265eedf954601o.png_100x100.png?webp=close&avif=close","https://s.alicdn.com/@sc01/kf/Hdbac61a2fce04421bb714a28e201ead6R.png?webp=close&avif=close","","","https://s.alicdn.com/@img/imgextra/i1/O1CN01H0fqnK1Gpp8Bpra4W_!!6000000000672-55-tps-20-21.svg","","https://s.alicdn.com/@u/mobile/g/common/flags/1.0.0/assets/cn.png","https://s.alicdn.com/@img/imgextra/i2/O1CN01lUQbI41ymTPgE2qXM_!!6000000006621-55-tps-12-10.svg","https://s.alicdn.com/@img/imgextra/i2/O1CN01pZsS7S1RAZFleCw0N_!!6000000002071-2-tps-33-34.png","https://s.alicdn.com/@sc01/kf/H62868c75e7eb4fbba8f8eb600d749c2aR.png","","","https://s.alicdn.com/@img/imgextra/i1/O1CN01skevju1mJMrEIZqWk_!!6000000004933-55-tps-21-21.svg","https://s.alicdn.com/@img/imgextra/i1/O1CN01skevju1mJMrEIZqWk_!!6000000004933-55-tps-21-21.svg","https://s.alicdn.com/@img/imgextra/i1/O1CN01AKovar1kB0OVaoU0M_!!6000000004644-2-tps-34-33.png","https://s.alicdn.com/@img/imgextra/i2/O1CN01pZsS7S1RAZFleCw0N_!!6000000002071-2-tps-33-34.png"
"1773520316-46","https://www.alibaba.com/search/page?spm=a2700.product_home_fy25.the-new-header_fy23_pc_search_bar.keydown__Enter&SearchScene=proSearch&SearchText=adult+toys&pro=true&from=pcHomeHeader","G-Spot Master Rechargeable Massage Stick Wave Messenger Adult Silicone & Gel Female Masturbator Wholesale Av Stick for Sex Use","Xiamen Shengshi Chengze Trading Co., Ltd.","3 yrs","Min. order: 1 piece","300+ store reviews","$4.57","","","9% reorder rate","600+ views from North America","≤11h response time","","","4.6","4.6/5.0","(127)","Delivery by Apr 05","Chat now","Add to cart","Adult","","","","","","","FREE shipping","Easy Return","CN","","https://s.alicdn.com/@sc04/kf/H0f787d5e7d9746328b5027d77c71abf6T.jpg_300x300.jpg","","","","","","https://s.alicdn.com/@img/imgextra/i1/O1CN01H0fqnK1Gpp8Bpra4W_!!6000000000672-55-tps-20-21.svg","","https://s.alicdn.com/@u/mobile/g/common/flags/1.0.0/assets/cn.png","https://s.alicdn.com/@img/imgextra/i3/O1CN01Bv2erf1UtOvnQdp1D_!!6000000002575-55-tps-12-10.svg","https://s.alicdn.com/@img/imgextra/i2/O1CN01pZsS7S1RAZFleCw0N_!!6000000002071-2-tps-33-34.png","","","","https://s.alicdn.com/@img/imgextra/i1/O1CN01skevju1mJMrEIZqWk_!!6000000004933-55-tps-21-21.svg","https://s.alicdn.com/@img/imgextra/i1/O1CN01skevju1mJMrEIZqWk_!!6000000004933-55-tps-21-21.svg","https://s.alicdn.com/@img/imgextra/i1/O1CN01AKovar1kB0OVaoU0M_!!6000000004644-2-tps-34-33.png","https://s.alicdn.com/@img/imgextra/i4/O1CN01QUhXLX1lDaB0DYt9b_!!6000000004785-2-tps-34-34.png"
"1773520316-47","https://www.alibaba.com/search/page?spm=a2700.product_home_fy25.the-new-header_fy23_pc_search_bar.keydown__Enter&SearchScene=proSearch&SearchText=adult+toys&pro=true&from=pcHomeHeader","Hot Selling Rabbit Vibrator Adult Personal Massager G-Spot Toys Clitoris Stimulation Flapping Vibrating Dildo for Women Sex Toys","Shenzhen Yamei Chaoqian Technology Co., Ltd.","1 yr","Min. order: 3 pieces","300+ store reviews","$6.59","Toys","","7% reorder rate","≤1h response time","","","","4.8","4.8/5.0","(98)","5-day dispatch","Chat now","Add to cart","Adult","Toys","","","","","","$20 off shipping","Money-back guarantee","CN","","https://s.alicdn.com/@sc04/kf/Hcf3300c416af4cffa9b994f060a251f80.jpg_300x300.jpg","","","https://s.alicdn.com/@sc01/kf/Hdbac61a2fce04421bb714a28e201ead6R.png?webp=close&avif=close","","","https://s.alicdn.com/@img/imgextra/i1/O1CN01H0fqnK1Gpp8Bpra4W_!!6000000000672-55-tps-20-21.svg","","https://s.alicdn.com/@u/mobile/g/common/flags/1.0.0/assets/cn.png","https://s.alicdn.com/@img/imgextra/i3/O1CN01Bv2erf1UtOvnQdp1D_!!6000000002575-55-tps-12-10.svg","https://s.alicdn.com/@img/imgextra/i2/O1CN01pZsS7S1RAZFleCw0N_!!6000000002071-2-tps-33-34.png","","https://s.alicdn.com/@img/imgextra/i3/O1CN01Bv2erf1UtOvnQdp1D_!!6000000002575-55-tps-12-10.svg","","https://s.alicdn.com/@img/imgextra/i1/O1CN01skevju1mJMrEIZqWk_!!6000000004933-55-tps-21-21.svg","https://s.alicdn.com/@img/imgextra/i1/O1CN01skevju1mJMrEIZqWk_!!6000000004933-55-tps-21-21.svg","https://s.alicdn.com/@img/imgextra/i1/O1CN01AKovar1kB0OVaoU0M_!!6000000004644-2-tps-34-33.png","https://s.alicdn.com/@img/imgextra/i2/O1CN01pZsS7S1RAZFleCw0N_!!6000000002071-2-tps-33-34.png"
"1773520316-48","https://www.alibaba.com/search/page?spm=a2700.product_home_fy25.the-new-header_fy23_pc_search_bar.keydown__Enter&SearchScene=proSearch&SearchText=adult+toys&pro=true&from=pcHomeHeader","Best Hot Toy Vibrator Realistic Dildo Massage Women Wearable for Female and Male Adult","Shenzhen Hejiamei Technology Co., Ltd","16 yrs","Min. order: 3 pieces","100+ store reviews","$4.90","Adult","","≤2h response time","","","","","4.7","4.7/5.0","(13)","Easy Return","Chat now","Add to cart","Toy","","","","","","","5-day dispatch","","CN","","https://s.alicdn.com/@sc04/kf/H20ee6d01c2e8454ba75936b6f7e8b7ceE.jpg_300x300.jpg","","","","","","https://s.alicdn.com/@img/imgextra/i1/O1CN01H0fqnK1Gpp8Bpra4W_!!6000000000672-55-tps-20-21.svg","","https://s.alicdn.com/@u/mobile/g/common/flags/1.0.0/assets/cn.png","https://s.alicdn.com/@img/imgextra/i2/O1CN01lUQbI41ymTPgE2qXM_!!6000000006621-55-tps-12-10.svg","https://s.alicdn.com/@img/imgextra/i4/O1CN01QUhXLX1lDaB0DYt9b_!!6000000004785-2-tps-34-34.png","","","","https://s.alicdn.com/@img/imgextra/i1/O1CN01skevju1mJMrEIZqWk_!!6000000004933-55-tps-21-21.svg","https://s.alicdn.com/@img/imgextra/i1/O1CN01skevju1mJMrEIZqWk_!!6000000004933-55-tps-21-21.svg","https://s.alicdn.com/@img/imgextra/i2/O1CN01pZsS7S1RAZFleCw0N_!!6000000002071-2-tps-33-34.png",""
"1773520316-49","https://www.alibaba.com/search/page?spm=a2700.product_home_fy25.the-new-header_fy23_pc_search_bar.keydown__Enter&SearchScene=proSearch&SearchText=adult+toys&pro=true&from=pcHomeHeader","US Warehouse Hot Selling Sex Toys Online Shop 16 Mode Vibration Dual Head Stimulator G Spot Dildo Sex Rabbit Vibrator for Women","Shenzhen Winyi Technology Co., Ltd.","12 yrs","Min. order: 1 piece","600+ store reviews","","","6 sold","5% reorder rate","3100+ views from North America","≤6h response time","$18","","4.9","4.9/5.0","(30)","180-day lowest prices","Chat now","Add to cart","Toys","","10% off","","","certified","","FREE shipping","No import charges","CN","#5 on manufacturer leaderboard","https://s.alicdn.com/@sc04/kf/HTB1uXx1bzzuK1RjSspeq6ziHVXaj.jpg_300x300.jpg","","https://s.alicdn.com/@sc04/kf/Hdcdda68a5c974643bba82b99a60a9907G.png_100x100.png?webp=close&avif=close","https://s.alicdn.com/@img/imgextra/i2/O1CN01EiBgBr1pi31cCfM14_!!6000000005393-2-tps-222-46.png?webp=close&avif=close","","https://s.alicdn.com/@img/imgextra/i3/O1CN01Bv2erf1UtOvnQdp1D_!!6000000002575-55-tps-12-10.svg","https://s.alicdn.com/@img/imgextra/i1/O1CN01H0fqnK1Gpp8Bpra4W_!!6000000000672-55-tps-20-21.svg","","https://s.alicdn.com/@u/mobile/g/common/flags/1.0.0/assets/cn.png","https://s.alicdn.com/@img/imgextra/i3/O1CN01Bv2erf1UtOvnQdp1D_!!6000000002575-55-tps-12-10.svg","https://s.alicdn.com/@sc01/kf/He15f3630b6674cb697c45c43f49fc3752.png","https://s.alicdn.com/@sc01/kf/H62868c75e7eb4fbba8f8eb600d749c2aR.png","https://s.alicdn.com/@img/imgextra/i3/O1CN01Bv2erf1UtOvnQdp1D_!!6000000002575-55-tps-12-10.svg","","https://s.alicdn.com/@img/imgextra/i1/O1CN01skevju1mJMrEIZqWk_!!6000000004933-55-tps-21-21.svg","https://s.alicdn.com/@img/imgextra/i1/O1CN01skevju1mJMrEIZqWk_!!6000000004933-55-tps-21-21.svg","https://s.alicdn.com/@img/imgextra/i1/O1CN01AKovar1kB0OVaoU0M_!!6000000004644-2-tps-34-33.png","https://s.alicdn.com/@img/imgextra/i2/O1CN01ricZup1bUObEz6vZ3_!!6000000003468-2-tps-34-34.png"
"1773520316-50","https://www.alibaba.com/search/page?spm=a2700.product_home_fy25.the-new-header_fy23_pc_search_bar.keydown__Enter&SearchScene=proSearch&SearchText=adult+toys&pro=true&from=pcHomeHeader","Free Shipping Mexican Adult Sex Toys Vibrator for Women and Masturbator for Men Sexual Toys for Adults","Ningbo City Zhenhai District Meilun Meiji Trading Firm","2 yrs","Min. order: 1 piece","50+ store reviews","","Toys","","3% reorder rate","≤6h response time","","$18.99","Adults","4.3","4.3/5.0","(25)","Delivery by Apr 09","Chat now","Add to cart","Adult","Toys","1% off for new buyers","","","","","FREE shipping","Easy Return","CN","","https://s.alicdn.com/@sc04/kf/H94980c6d1ca04fe78068a3eaf25ed09a3.jpg_300x300.jpg","","","","","","https://s.alicdn.com/@img/imgextra/i1/O1CN01H0fqnK1Gpp8Bpra4W_!!6000000000672-55-tps-20-21.svg","","https://s.alicdn.com/@u/mobile/g/common/flags/1.0.0/assets/cn.png","https://s.alicdn.com/@img/imgextra/i3/O1CN01Bv2erf1UtOvnQdp1D_!!6000000002575-55-tps-12-10.svg","https://s.alicdn.com/@img/imgextra/i2/O1CN01pZsS7S1RAZFleCw0N_!!6000000002071-2-tps-33-34.png","","","","https://s.alicdn.com/@img/imgextra/i1/O1CN01skevju1mJMrEIZqWk_!!6000000004933-55-tps-21-21.svg","https://s.alicdn.com/@img/imgextra/i1/O1CN01skevju1mJMrEIZqWk_!!6000000004933-55-tps-21-21.svg","https://s.alicdn.com/@img/imgextra/i1/O1CN01AKovar1kB0OVaoU0M_!!6000000004644-2-tps-34-33.png","https://s.alicdn.com/@img/imgextra/i4/O1CN01QUhXLX1lDaB0DYt9b_!!6000000004785-2-tps-34-34.png"
"1773520316-51","https://www.alibaba.com/search/page?spm=a2700.product_home_fy25.the-new-header_fy23_pc_search_bar.keydown__Enter&SearchScene=proSearch&SearchText=adult+toys&pro=true&from=pcHomeHeader","Adult Vibrator Products Hot Sale Toy Pleasure Couple Sharing Clitoral Stimulation Passion Lock Fine Ring Vibration","Shenzhen Yueruisheng Technology Co., Ltd.","1 yr","Min. order: 1 piece","≤1h response time","$8.79-10.79","Toy","","","","","","","","","","","Chat now","","Adult","","","","Easy Return","","","","","CN","","https://s.alicdn.com/@sc04/kf/Hac7d0ee7954c45be902ee5a088acec0eI.jpg_300x300.jpg","","","","","","https://s.alicdn.com/@img/imgextra/i1/O1CN01H0fqnK1Gpp8Bpra4W_!!6000000000672-55-tps-20-21.svg","https://s.alicdn.com/@img/imgextra/i4/O1CN01QUhXLX1lDaB0DYt9b_!!6000000004785-2-tps-34-34.png","https://s.alicdn.com/@u/mobile/g/common/flags/1.0.0/assets/cn.png","https://s.alicdn.com/@img/imgextra/i2/O1CN01lUQbI41ymTPgE2qXM_!!6000000006621-55-tps-12-10.svg","","","","","https://s.alicdn.com/@img/imgextra/i1/O1CN01skevju1mJMrEIZqWk_!!6000000004933-55-tps-21-21.svg","https://s.alicdn.com/@img/imgextra/i1/O1CN01skevju1mJMrEIZqWk_!!6000000004933-55-tps-21-21.svg","",""
"1773520316-52","https://www.alibaba.com/search/page?spm=a2700.product_home_fy25.the-new-header_fy23_pc_search_bar.keydown__Enter&SearchScene=proSearch&SearchText=adult+toys&pro=true&from=pcHomeHeader","Powerful 10 Suction Vibrator for Women Adult Sex Toy with Clitoralis Stimulator Rose Sucking Vibrator","Chengdu Silu Yunlian Technology Co., Ltd.","1 yr","Min. order: 3 pieces","3% reorder rate","$1.82-2.15","Toy","911 sold","9400+ views from North America","≤2h response time","","","","4.7","4.7/5.0","(21)","","Chat now","","Adult","","","","Easy Return","","","","","CN","","https://s.alicdn.com/@sc04/kf/H0b989b3de4df4919ad9f84ebe65ae8f3Q.png_300x300.png","","","","","","https://s.alicdn.com/@img/imgextra/i1/O1CN01H0fqnK1Gpp8Bpra4W_!!6000000000672-55-tps-20-21.svg","https://s.alicdn.com/@img/imgextra/i4/O1CN01QUhXLX1lDaB0DYt9b_!!6000000004785-2-tps-34-34.png","https://s.alicdn.com/@u/mobile/g/common/flags/1.0.0/assets/cn.png","https://s.alicdn.com/@img/imgextra/i2/O1CN01lUQbI41ymTPgE2qXM_!!6000000006621-55-tps-12-10.svg","","","","","https://s.alicdn.com/@img/imgextra/i1/O1CN01skevju1mJMrEIZqWk_!!6000000004933-55-tps-21-21.svg","https://s.alicdn.com/@img/imgextra/i1/O1CN01skevju1mJMrEIZqWk_!!6000000004933-55-tps-21-21.svg","",""
"1773520316-53","https://www.alibaba.com/search/page?spm=a2700.product_home_fy25.the-new-header_fy23_pc_search_bar.keydown__Enter&SearchScene=proSearch&SearchText=adult+toys&pro=true&from=pcHomeHeader","Top Selling Silicone Powerful Adult Sex Toy Av Magic Personal Full Body Wand Massager Women Clitoris Stimulation Vagina Vibrator","Guangzhou Aite Technology Co., Ltd.","8 yrs","Min. order: 10 sets","1200+ store reviews","$8.80-10.40","Toy","","≤7h response time","","","","","5.0","5.0/5.0","(1)","","Chat now","","Adult","","","","","","","","","CN","","https://s.alicdn.com/@sc04/kf/H7fe384f0a7e744f2b78ddb03974c7e26y.jpg_300x300.jpg","","","","","","https://s.alicdn.com/@img/imgextra/i1/O1CN01H0fqnK1Gpp8Bpra4W_!!6000000000672-55-tps-20-21.svg","","https://s.alicdn.com/@u/mobile/g/common/flags/1.0.0/assets/cn.png","https://s.alicdn.com/@img/imgextra/i2/O1CN01lUQbI41ymTPgE2qXM_!!6000000006621-55-tps-12-10.svg","","","","","https://s.alicdn.com/@img/imgextra/i1/O1CN01skevju1mJMrEIZqWk_!!6000000004933-55-tps-21-21.svg","https://s.alicdn.com/@img/imgextra/i1/O1CN01skevju1mJMrEIZqWk_!!6000000004933-55-tps-21-21.svg","",""
"1773520316-54","https://www.alibaba.com/search/page?spm=a2700.product_home_fy25.the-new-header_fy23_pc_search_bar.keydown__Enter&SearchScene=proSearch&SearchText=adult+toys&pro=true&from=pcHomeHeader","Lesbian Sex Toys Double Dildo Harness Strapons Penis Dildo Vaginal Massage Adult Game Strap on Dildos Sex Bondage Belt","Hefei Jiaang E-Commerce Co., Ltd.","5 yrs","Min. order: 1 piece","1700+ store reviews","$4.90","Adult","10 sold","9% reorder rate","500+ views from North America","≤3h response time","","","4.4","4.4/5.0","(280)","Easy Return","Chat now","Add to cart","Toys","","","","","","","5-day dispatch","","CN","","https://s.alicdn.com/@sc04/kf/Hc6cd14fd73aa41f8b4139a87e1b24e94Q.jpg_300x300.jpg","","","","","","https://s.alicdn.com/@img/imgextra/i1/O1CN01H0fqnK1Gpp8Bpra4W_!!6000000000672-55-tps-20-21.svg","","https://s.alicdn.com/@u/mobile/g/common/flags/1.0.0/assets/cn.png","https://s.alicdn.com/@img/imgextra/i3/O1CN01Bv2erf1UtOvnQdp1D_!!6000000002575-55-tps-12-10.svg","https://s.alicdn.com/@img/imgextra/i4/O1CN01QUhXLX1lDaB0DYt9b_!!6000000004785-2-tps-34-34.png","","","","https://s.alicdn.com/@img/imgextra/i1/O1CN01skevju1mJMrEIZqWk_!!6000000004933-55-tps-21-21.svg","https://s.alicdn.com/@img/imgextra/i1/O1CN01skevju1mJMrEIZqWk_!!6000000004933-55-tps-21-21.svg","https://s.alicdn.com/@img/imgextra/i2/O1CN01pZsS7S1RAZFleCw0N_!!6000000002071-2-tps-33-34.png",""
"1773520316-55","https://www.alibaba.com/search/page?spm=a2700.product_home_fy25.the-new-header_fy23_pc_search_bar.keydown__Enter&SearchScene=proSearch&SearchText=adult+toys&pro=true&from=pcHomeHeader","Top Selling Adult Toys Products Sex Toys for Women Vagina Vibrator","Guangzhou Mengma Technology Co., Ltd.","6 yrs","Min. order: 10 pieces","600+ store reviews","$9.98","Toys","","27% reorder rate","≤6h response time","","","","4.6","4.6/5.0","(23)","","Chat now","","Adult","Toys","","","Easy Return","","","","","CN","","https://s.alicdn.com/@sc04/kf/H1c8f0598544c4486a892e3fa7d392104b.jpg_300x300.jpg","","","","","","https://s.alicdn.com/@img/imgextra/i1/O1CN01H0fqnK1Gpp8Bpra4W_!!6000000000672-55-tps-20-21.svg","https://s.alicdn.com/@img/imgextra/i4/O1CN01QUhXLX1lDaB0DYt9b_!!6000000004785-2-tps-34-34.png","https://s.alicdn.com/@u/mobile/g/common/flags/1.0.0/assets/cn.png","https://s.alicdn.com/@img/imgextra/i3/O1CN01Bv2erf1UtOvnQdp1D_!!6000000002575-55-tps-12-10.svg","","","","","https://s.alicdn.com/@img/imgextra/i1/O1CN01skevju1mJMrEIZqWk_!!6000000004933-55-tps-21-21.svg","https://s.alicdn.com/@img/imgextra/i1/O1CN01skevju1mJMrEIZqWk_!!6000000004933-55-tps-21-21.svg","",""
"1773520316-56","https://www.alibaba.com/search/page?spm=a2700.product_home_fy25.the-new-header_fy23_pc_search_bar.keydown__Enter&SearchScene=proSearch&SearchText=adult+toys&pro=true&from=pcHomeHeader","Hot Selling Rabbit Vibrator Toy G Spot Clitoris Stimulator Female Masturbation Adult Sex Toy AV Wand Vibrator Sex Toys for Women","Hebei Aisin Health Technology Co., Ltd.","5 yrs","Min. order: 10 pieces","400+ store reviews","$5.94-6.72","Adult","","32% reorder rate","≤2h response time","","","Toys","4.7","4.7/5.0","(36)","","Chat now","","Toy","Toy","","","","certified","Easy Return","","","CN","","https://s.alicdn.com/@sc04/kf/Hfea9dd5cf7434f1e818b36a791cdf9fao.jpg_300x300.jpg","","https://s.alicdn.com/@sc04/kf/Hdcdda68a5c974643bba82b99a60a9907G.png_100x100.png?webp=close&avif=close","","https://s.alicdn.com/@img/imgextra/i4/O1CN01QUhXLX1lDaB0DYt9b_!!6000000004785-2-tps-34-34.png","","https://s.alicdn.com/@img/imgextra/i1/O1CN01H0fqnK1Gpp8Bpra4W_!!6000000000672-55-tps-20-21.svg","","https://s.alicdn.com/@u/mobile/g/common/flags/1.0.0/assets/cn.png","https://s.alicdn.com/@img/imgextra/i3/O1CN01Bv2erf1UtOvnQdp1D_!!6000000002575-55-tps-12-10.svg","","https://s.alicdn.com/@sc01/kf/H62868c75e7eb4fbba8f8eb600d749c2aR.png","https://s.alicdn.com/@img/imgextra/i3/O1CN01Bv2erf1UtOvnQdp1D_!!6000000002575-55-tps-12-10.svg","","https://s.alicdn.com/@img/imgextra/i1/O1CN01skevju1mJMrEIZqWk_!!6000000004933-55-tps-21-21.svg","https://s.alicdn.com/@img/imgextra/i1/O1CN01skevju1mJMrEIZqWk_!!6000000004933-55-tps-21-21.svg","",""
"1773520316-57","https://www.alibaba.com/search/page?spm=a2700.product_home_fy25.the-new-header_fy23_pc_search_bar.keydown__Enter&SearchScene=proSearch&SearchText=adult+toys&pro=true&from=pcHomeHeader","Sex Sofa Chair Inflatable BDSM Bondage Automatic Air Pump for Position Support Bed Pillow Sex Toys Ramp Couples SM Games Adults","Zhongshan Pinksm Sex Products Co.,Ltd","1 yr","Min. order: 1 piece","6% reorder rate","$58.96","Adults","","300+ views from North America","≤1h response time","","","","5.0","5.0/5.0","(4)","Delivery by Apr 24","Chat now","Add to cart","Toys","","","","","","","$20 off shipping","Easy Return","CN","","https://s.alicdn.com/@sc04/kf/H535e4076c7f14863ac900a75842b22c8E.jpg_300x300.jpg","","","","","","https://s.alicdn.com/@img/imgextra/i1/O1CN01H0fqnK1Gpp8Bpra4W_!!6000000000672-55-tps-20-21.svg","","https://s.alicdn.com/@u/mobile/g/common/flags/1.0.0/assets/cn.png","https://s.alicdn.com/@img/imgextra/i2/O1CN01lUQbI41ymTPgE2qXM_!!6000000006621-55-tps-12-10.svg","https://s.alicdn.com/@img/imgextra/i2/O1CN01pZsS7S1RAZFleCw0N_!!6000000002071-2-tps-33-34.png","","","","https://s.alicdn.com/@img/imgextra/i1/O1CN01skevju1mJMrEIZqWk_!!6000000004933-55-tps-21-21.svg","https://s.alicdn.com/@img/imgextra/i1/O1CN01skevju1mJMrEIZqWk_!!6000000004933-55-tps-21-21.svg","https://s.alicdn.com/@img/imgextra/i1/O1CN01AKovar1kB0OVaoU0M_!!6000000004644-2-tps-34-33.png","https://s.alicdn.com/@img/imgextra/i4/O1CN01QUhXLX1lDaB0DYt9b_!!6000000004785-2-tps-34-34.png"
"1773520316-58","https://www.alibaba.com/search/page?spm=a2700.product_home_fy25.the-new-header_fy23_pc_search_bar.keydown__Enter&SearchScene=proSearch&SearchText=adult+toys&pro=true&from=pcHomeHeader","New Arrival Silicone Vaginal Stimulator Funny Adult Toys Clit Sucker Clitoris Vibrator Sex Toys for Woman","Dongguan Shiming Industrial Co., Ltd.","5 yrs","Min. order: 3 pieces","200+ store reviews","$7.40-7.90","Toys","","20% reorder rate","≤8h response time","","","","5.0","5.0/5.0","(11)","","Chat now","","Adult","Toys","","","Easy Return","","","","","CN","","https://s.alicdn.com/@sc04/kf/H4a94b35baed849579235000216fb16cbz.jpg_300x300.jpg","","","","","","https://s.alicdn.com/@img/imgextra/i1/O1CN01H0fqnK1Gpp8Bpra4W_!!6000000000672-55-tps-20-21.svg","https://s.alicdn.com/@img/imgextra/i4/O1CN01QUhXLX1lDaB0DYt9b_!!6000000004785-2-tps-34-34.png","https://s.alicdn.com/@u/mobile/g/common/flags/1.0.0/assets/cn.png","https://s.alicdn.com/@img/imgextra/i3/O1CN01Bv2erf1UtOvnQdp1D_!!6000000002575-55-tps-12-10.svg","","","","","https://s.alicdn.com/@img/imgextra/i1/O1CN01skevju1mJMrEIZqWk_!!6000000004933-55-tps-21-21.svg","https://s.alicdn.com/@img/imgextra/i1/O1CN01skevju1mJMrEIZqWk_!!6000000004933-55-tps-21-21.svg","",""
"1773520316-59","https://www.alibaba.com/search/page?spm=a2700.product_home_fy25.the-new-header_fy23_pc_search_bar.keydown__Enter&SearchScene=proSearch&SearchText=adult+toys&pro=true&from=pcHomeHeader","Adult Products Whole Body Safety Silicone Sex Bullet Dildo Masturbation Vibrator","Dongguan Qianhe Electronic Technology Co., Ltd.","5 yrs","Min. order: 1000 pieces","50% reorder rate","$17.50","","","200+ views from North America","","","","","","","","","Chat now","","Adult","","","","","","","","","CN","","https://s.alicdn.com/@sc04/kf/Ha1fc3179c4204479bbb1e751c9192dfaE.jpg_300x300.jpg","","","","","","https://s.alicdn.com/@img/imgextra/i1/O1CN01H0fqnK1Gpp8Bpra4W_!!6000000000672-55-tps-20-21.svg","","https://s.alicdn.com/@u/mobile/g/common/flags/1.0.0/assets/cn.png","https://s.alicdn.com/@img/imgextra/i2/O1CN01lUQbI41ymTPgE2qXM_!!6000000006621-55-tps-12-10.svg","","","","","https://s.alicdn.com/@img/imgextra/i1/O1CN01skevju1mJMrEIZqWk_!!6000000004933-55-tps-21-21.svg","https://s.alicdn.com/@img/imgextra/i1/O1CN01skevju1mJMrEIZqWk_!!6000000004933-55-tps-21-21.svg","",""
"1773520316-60","https://www.alibaba.com/search/page?spm=a2700.product_home_fy25.the-new-header_fy23_pc_search_bar.keydown__Enter&SearchScene=proSearch&SearchText=adult+toys&pro=true&from=pcHomeHeader","Full-automatic Telescopic Swing Heating Vibration Men Women Anal Electric Resonance Masturbation Device Adult Sex Toys","Hangzhou Youchong Zhiyan E-Commerce Co., Ltd.","1 yr","Min. order: 10 pieces","≤9h response time","$10.73","Toys","","","","","","","","","","Delivery by Apr 05","Chat now","Add to cart","Adult","","","","","","","$20 off shipping","Easy Return","CN","","https://s.alicdn.com/@sc04/kf/Hb361e59bceab4a0f9549570f2f60a969d.png_300x300.png","","","","","","https://s.alicdn.com/@img/imgextra/i1/O1CN01H0fqnK1Gpp8Bpra4W_!!6000000000672-55-tps-20-21.svg","","https://s.alicdn.com/@u/mobile/g/common/flags/1.0.0/assets/cn.png","https://s.alicdn.com/@img/imgextra/i2/O1CN01lUQbI41ymTPgE2qXM_!!6000000006621-55-tps-12-10.svg","https://s.alicdn.com/@img/imgextra/i2/O1CN01pZsS7S1RAZFleCw0N_!!6000000002071-2-tps-33-34.png","","","","https://s.alicdn.com/@img/imgextra/i1/O1CN01skevju1mJMrEIZqWk_!!6000000004933-55-tps-21-21.svg","https://s.alicdn.com/@img/imgextra/i1/O1CN01skevju1mJMrEIZqWk_!!6000000004933-55-tps-21-21.svg","https://s.alicdn.com/@img/imgextra/i1/O1CN01AKovar1kB0OVaoU0M_!!6000000004644-2-tps-34-33.png","https://s.alicdn.com/@img/imgextra/i4/O1CN01QUhXLX1lDaB0DYt9b_!!6000000004785-2-tps-34-34.png"
