web_scraper_order,web_scraper_start_url,data,data2,data3,data4,price,data5,data6,data7,data8,data9,data10,data11,price2,data12,data13,data14,data15,data16,data17,data18,data19,price3,data20,data21,data22,data23,data24,data25,data26,image,image2,image3,image4,image5,image6,image7,image8,image9,image10,image11,image12,image13,image14,image15,image16,image17,image18,image19,image20
"1773520266-1","https://www.alibaba.com/search/page?spm=a2700.product_home_fy25.the-new-header_fy23_pc_search_bar.keydown__Enter&SearchScene=proSearch&SearchText=adult+toys&pro=true&from=pcHomeHeader","Rose Vibrator for Women Wholesale Custom logo Clitoralis Stimulator Sucking Adult Toys Rose Sucking Vibrator Sex Toys for Woman","Shenzhen Gelances Technology Co., Ltd.","6 yrs","Min. order: 2 pieces","$2.55-2.80","Adult","2500+ store reviews","3,816 sold","Toys","16% reorder rate","8700+ views from North America","≤2h response time","","4.8","4.8/5.0","(194)","","Chat now","","Toys","","","","","certified","","","CN","","https://s.alicdn.com/@sc04/kf/H5de8f956cb324f8da075ff75d317714fA.jpg_300x300.jpg","","","","https://s.alicdn.com/@sc04/kf/Hdcdda68a5c974643bba82b99a60a9907G.png_100x100.png?webp=close&avif=close","","https://s.alicdn.com/@sc04/kf/Hdbbb6a106e8d4515be692063768d8fd4J.png_100x100.png?webp=close&avif=close","https://s.alicdn.com/@img/imgextra/i1/O1CN01H0fqnK1Gpp8Bpra4W_!!6000000000672-55-tps-20-21.svg","","https://s.alicdn.com/@u/mobile/g/common/flags/1.0.0/assets/cn.png","https://s.alicdn.com/@img/imgextra/i3/O1CN01Bv2erf1UtOvnQdp1D_!!6000000002575-55-tps-12-10.svg","https://s.alicdn.com/@sc01/kf/H62868c75e7eb4fbba8f8eb600d749c2aR.png","","https://s.alicdn.com/@img/imgextra/i3/O1CN01Bv2erf1UtOvnQdp1D_!!6000000002575-55-tps-12-10.svg","https://s.alicdn.com/@img/imgextra/i3/O1CN01Bv2erf1UtOvnQdp1D_!!6000000002575-55-tps-12-10.svg","","https://s.alicdn.com/@img/imgextra/i1/O1CN01skevju1mJMrEIZqWk_!!6000000004933-55-tps-21-21.svg","https://s.alicdn.com/@img/imgextra/i1/O1CN01skevju1mJMrEIZqWk_!!6000000004933-55-tps-21-21.svg","",""
"1773520266-2","https://www.alibaba.com/search/page?spm=a2700.product_home_fy25.the-new-header_fy23_pc_search_bar.keydown__Enter&SearchScene=proSearch&SearchText=adult+toys&pro=true&from=pcHomeHeader","USB Charging 10 Vibration Vibrating Sleeve Vagina G Spot Clitoral Massager Couple Flirting Lesbian Woman Finger Vibrators","Xiamen Shiran Technology Co., Ltd.","4 yrs","Min. order: 1 piece","$2.50","","1400+ store reviews","11 sold","","4% reorder rate","4200+ views from North America","≤5h response time","","4.8","4.8/5.0","(83)","Money-back guarantee","Chat now","Add to cart","","","","","","","FREE shipping","Money-back guarantee","CN","","https://s.alicdn.com/@sc04/kf/H0253f16c0bf5478d83905f0bc10b68dec.jpg_300x300.jpg","","","","","https://s.alicdn.com/@sc01/kf/Hdbac61a2fce04421bb714a28e201ead6R.png?webp=close&avif=close","","https://s.alicdn.com/@img/imgextra/i1/O1CN01H0fqnK1Gpp8Bpra4W_!!6000000000672-55-tps-20-21.svg","","https://s.alicdn.com/@u/mobile/g/common/flags/1.0.0/assets/cn.png","https://s.alicdn.com/@img/imgextra/i3/O1CN01Bv2erf1UtOvnQdp1D_!!6000000002575-55-tps-12-10.svg","","https://s.alicdn.com/@img/imgextra/i2/O1CN01pZsS7S1RAZFleCw0N_!!6000000002071-2-tps-33-34.png","https://s.alicdn.com/@img/imgextra/i3/O1CN01Bv2erf1UtOvnQdp1D_!!6000000002575-55-tps-12-10.svg","https://s.alicdn.com/@img/imgextra/i3/O1CN01Bv2erf1UtOvnQdp1D_!!6000000002575-55-tps-12-10.svg","","https://s.alicdn.com/@img/imgextra/i1/O1CN01skevju1mJMrEIZqWk_!!6000000004933-55-tps-21-21.svg","https://s.alicdn.com/@img/imgextra/i1/O1CN01skevju1mJMrEIZqWk_!!6000000004933-55-tps-21-21.svg","https://s.alicdn.com/@img/imgextra/i1/O1CN01AKovar1kB0OVaoU0M_!!6000000004644-2-tps-34-33.png","https://s.alicdn.com/@img/imgextra/i2/O1CN01pZsS7S1RAZFleCw0N_!!6000000002071-2-tps-33-34.png"
"1773520266-3","https://www.alibaba.com/search/page?spm=a2700.product_home_fy25.the-new-header_fy23_pc_search_bar.keydown__Enter&SearchScene=proSearch&SearchText=adult+toys&pro=true&from=pcHomeHeader","Adult Sex Toys Dildo Sex Toy OEM Male Penis Delay Ring Ejaculation Long Time Lasting Silicone Vibrating Cock Ring for Men","Dongguan Huayi Star Electronic Technology Co., Ltd.","8 yrs","Min. order: 1 piece","$4.28","Adult","200+ views from North America","","Toys","≤2h response time","","","","5.0","5.0/5.0","(3)","3-day dispatch","Chat now","Add to cart","Toy","","","","","","3-day dispatch","","CN","","https://s.alicdn.com/@sc04/kf/HTB16VhuajLuK1Rjy0Fhq6xpdFXag.jpg_300x300.jpg","","","","","","","https://s.alicdn.com/@img/imgextra/i1/O1CN01H0fqnK1Gpp8Bpra4W_!!6000000000672-55-tps-20-21.svg","","https://s.alicdn.com/@u/mobile/g/common/flags/1.0.0/assets/cn.png","https://s.alicdn.com/@img/imgextra/i2/O1CN01lUQbI41ymTPgE2qXM_!!6000000006621-55-tps-12-10.svg","","https://s.alicdn.com/@img/imgextra/i2/O1CN01pZsS7S1RAZFleCw0N_!!6000000002071-2-tps-33-34.png","","","","https://s.alicdn.com/@img/imgextra/i1/O1CN01skevju1mJMrEIZqWk_!!6000000004933-55-tps-21-21.svg","https://s.alicdn.com/@img/imgextra/i1/O1CN01skevju1mJMrEIZqWk_!!6000000004933-55-tps-21-21.svg","https://s.alicdn.com/@img/imgextra/i2/O1CN01pZsS7S1RAZFleCw0N_!!6000000002071-2-tps-33-34.png",""
"1773520266-4","https://www.alibaba.com/search/page?spm=a2700.product_home_fy25.the-new-header_fy23_pc_search_bar.keydown__Enter&SearchScene=proSearch&SearchText=adult+toys&pro=true&from=pcHomeHeader","Adult Products Female Adult Products Sex Toys Vibration Massage Heating Multi-frequency Vibration Female Care","Dongguan Dijie Electronic Technology Co., Ltd","3 yrs","Min. order: 50 sets","$8","Adult","7% reorder rate","","Adult","700+ views from North America","≤3h response time","","","5.0","5.0/5.0","(4)","Easy Return","Chat now","Add to cart","Toys","","","","","","$20 off shipping","Easy Return","CN","","https://s.alicdn.com/@sc04/kf/H1e125a12057b491294bd9ab08f9e2a63x.jpg_300x300.jpg","","","","","","","https://s.alicdn.com/@img/imgextra/i1/O1CN01H0fqnK1Gpp8Bpra4W_!!6000000000672-55-tps-20-21.svg","","https://s.alicdn.com/@u/mobile/g/common/flags/1.0.0/assets/cn.png","https://s.alicdn.com/@img/imgextra/i2/O1CN01lUQbI41ymTPgE2qXM_!!6000000006621-55-tps-12-10.svg","","https://s.alicdn.com/@img/imgextra/i4/O1CN01QUhXLX1lDaB0DYt9b_!!6000000004785-2-tps-34-34.png","","","","https://s.alicdn.com/@img/imgextra/i1/O1CN01skevju1mJMrEIZqWk_!!6000000004933-55-tps-21-21.svg","https://s.alicdn.com/@img/imgextra/i1/O1CN01skevju1mJMrEIZqWk_!!6000000004933-55-tps-21-21.svg","https://s.alicdn.com/@img/imgextra/i1/O1CN01AKovar1kB0OVaoU0M_!!6000000004644-2-tps-34-33.png","https://s.alicdn.com/@img/imgextra/i4/O1CN01QUhXLX1lDaB0DYt9b_!!6000000004785-2-tps-34-34.png"
"1773520266-5","https://www.alibaba.com/search/page?spm=a2700.product_home_fy25.the-new-header_fy23_pc_search_bar.keydown__Enter&SearchScene=proSearch&SearchText=adult+toys&pro=true&from=pcHomeHeader","AI Intelligent Robot Real Solid Silicone Body Remote Control Lifelike First-hand Source","Jinan Whale International Trade Co., Ltd.","1 yr","Min. order: 1 piece","$655-1,388","","20% reorder rate","","","1600+ views from North America","≤2h response time","","","4.7","4.7/5.0","(3)","","Chat now","","","","","","Easy Return","","","","CN","","https://s.alicdn.com/@sc04/kf/Hd2ea88e34dba4074b640d919ee573915X.png_300x300.png","","","","","","","https://s.alicdn.com/@img/imgextra/i1/O1CN01H0fqnK1Gpp8Bpra4W_!!6000000000672-55-tps-20-21.svg","https://s.alicdn.com/@img/imgextra/i4/O1CN01QUhXLX1lDaB0DYt9b_!!6000000004785-2-tps-34-34.png","https://s.alicdn.com/@u/mobile/g/common/flags/1.0.0/assets/cn.png","https://s.alicdn.com/@img/imgextra/i2/O1CN01lUQbI41ymTPgE2qXM_!!6000000006621-55-tps-12-10.svg","","","","","","https://s.alicdn.com/@img/imgextra/i1/O1CN01skevju1mJMrEIZqWk_!!6000000004933-55-tps-21-21.svg","https://s.alicdn.com/@img/imgextra/i1/O1CN01skevju1mJMrEIZqWk_!!6000000004933-55-tps-21-21.svg","",""
"1773520266-6","https://www.alibaba.com/search/page?spm=a2700.product_home_fy25.the-new-header_fy23_pc_search_bar.keydown__Enter&SearchScene=proSearch&SearchText=adult+toys&pro=true&from=pcHomeHeader","Adult Women Sex Toys Vibrators Random Naughty Items and Fun Designs in Blind Boxes for Exciting Spicy Surprises","Shenzhen Aiersha Technology Co., Ltd.","10 yrs","Min. order: 1 piece","$28-48","Adult","3400+ store reviews","14 sold","Toys","7% reorder rate","4200+ views from North America","≤4h response time","","4.7","4.7/5.0","(108)","Easy Return","Chat now","Add to cart","","","","","","","$20 off shipping","Easy Return","CN","","https://s.alicdn.com/@sc04/kf/H749b86c736ca4b8fad7ba942848c49f8B.jpg_300x300.jpg","","","","","","","https://s.alicdn.com/@img/imgextra/i1/O1CN01H0fqnK1Gpp8Bpra4W_!!6000000000672-55-tps-20-21.svg","","https://s.alicdn.com/@u/mobile/g/common/flags/1.0.0/assets/cn.png","https://s.alicdn.com/@img/imgextra/i3/O1CN01Bv2erf1UtOvnQdp1D_!!6000000002575-55-tps-12-10.svg","https://s.alicdn.com/@sc01/kf/H62868c75e7eb4fbba8f8eb600d749c2aR.png","https://s.alicdn.com/@img/imgextra/i4/O1CN01QUhXLX1lDaB0DYt9b_!!6000000004785-2-tps-34-34.png","https://s.alicdn.com/@img/imgextra/i3/O1CN01Bv2erf1UtOvnQdp1D_!!6000000002575-55-tps-12-10.svg","","","https://s.alicdn.com/@img/imgextra/i1/O1CN01skevju1mJMrEIZqWk_!!6000000004933-55-tps-21-21.svg","https://s.alicdn.com/@img/imgextra/i1/O1CN01skevju1mJMrEIZqWk_!!6000000004933-55-tps-21-21.svg","https://s.alicdn.com/@img/imgextra/i1/O1CN01AKovar1kB0OVaoU0M_!!6000000004644-2-tps-34-33.png","https://s.alicdn.com/@img/imgextra/i4/O1CN01QUhXLX1lDaB0DYt9b_!!6000000004785-2-tps-34-34.png"
"1773520266-7","https://www.alibaba.com/search/page?spm=a2700.product_home_fy25.the-new-header_fy23_pc_search_bar.keydown__Enter&SearchScene=proSearch&SearchText=adult+toys&pro=true&from=pcHomeHeader","Adult Sex Toy Gift Box Surprise Romantic Toys for Couple Vibrator Dildo Bondage and More Ideal for Christmas and Birthday","Guangzhou Kumu Technology Industrial Co., Ltd.","1 yr","Min. order: 1 piece","","Adult","100+ store reviews","7 sold","Toy","10% reorder rate","7000+ views from North America","≤2h response time","$20","4.9","4.9/5.0","(35)","7-day delivery","Chat now","Add to cart","Toys","","20% off","","","","180-day lowest prices","7-day delivery","CN","Easy Return","https://s.alicdn.com/@sc04/kf/Hb1dea48610884eefaa4fdfbb490944736.jpg_300x300.jpg","","","","","https://s.alicdn.com/@img/imgextra/i2/O1CN01EiBgBr1pi31cCfM14_!!6000000005393-2-tps-222-46.png?webp=close&avif=close","","https://s.alicdn.com/@img/imgextra/i1/O1CN01H0fqnK1Gpp8Bpra4W_!!6000000000672-55-tps-20-21.svg","","https://s.alicdn.com/@u/mobile/g/common/flags/1.0.0/assets/cn.png","https://s.alicdn.com/@img/imgextra/i3/O1CN01Bv2erf1UtOvnQdp1D_!!6000000002575-55-tps-12-10.svg","","https://s.alicdn.com/@img/imgextra/i2/O1CN01pZsS7S1RAZFleCw0N_!!6000000002071-2-tps-33-34.png","","","https://s.alicdn.com/@img/imgextra/i4/O1CN01QUhXLX1lDaB0DYt9b_!!6000000004785-2-tps-34-34.png","https://s.alicdn.com/@img/imgextra/i1/O1CN01skevju1mJMrEIZqWk_!!6000000004933-55-tps-21-21.svg","https://s.alicdn.com/@img/imgextra/i1/O1CN01skevju1mJMrEIZqWk_!!6000000004933-55-tps-21-21.svg","https://s.alicdn.com/@sc01/kf/He15f3630b6674cb697c45c43f49fc3752.png","https://s.alicdn.com/@img/imgextra/i2/O1CN01pZsS7S1RAZFleCw0N_!!6000000002071-2-tps-33-34.png"
"1773520266-8","https://www.alibaba.com/search/page?spm=a2700.product_home_fy25.the-new-header_fy23_pc_search_bar.keydown__Enter&SearchScene=proSearch&SearchText=adult+toys&pro=true&from=pcHomeHeader","Hot Sale Fashion Simple Fresh Flexible Head Adult Toys AV Wand Massage Sex Adult Vibrator for Women","Shenzhen YQ Creations Technology Company Limited","9 yrs","Min. order: 500 pieces","$6.50-6.60","Adult","1600+ store reviews","334 sold","Toys","58% reorder rate","100+ views from North America","≤5h response time","","4.8","4.8/5.0","(12)","","Chat now","","Adult","","","","","certified","","","CN","","https://s.alicdn.com/@sc04/kf/H50764e3ea7ff4ea59fe676b367802365S.jpg_300x300.jpg","","","","https://s.alicdn.com/@sc04/kf/H3ad5a26ff8134e289b6265eedf954601o.png_100x100.png?webp=close&avif=close","","https://s.alicdn.com/@sc04/kf/Hdbbb6a106e8d4515be692063768d8fd4J.png_100x100.png?webp=close&avif=close","https://s.alicdn.com/@img/imgextra/i1/O1CN01H0fqnK1Gpp8Bpra4W_!!6000000000672-55-tps-20-21.svg","","https://s.alicdn.com/@u/mobile/g/common/flags/1.0.0/assets/cn.png","https://s.alicdn.com/@img/imgextra/i3/O1CN01Bv2erf1UtOvnQdp1D_!!6000000002575-55-tps-12-10.svg","https://s.alicdn.com/@sc01/kf/H62868c75e7eb4fbba8f8eb600d749c2aR.png","","https://s.alicdn.com/@img/imgextra/i3/O1CN01Bv2erf1UtOvnQdp1D_!!6000000002575-55-tps-12-10.svg","https://s.alicdn.com/@img/imgextra/i3/O1CN01Bv2erf1UtOvnQdp1D_!!6000000002575-55-tps-12-10.svg","","https://s.alicdn.com/@img/imgextra/i1/O1CN01skevju1mJMrEIZqWk_!!6000000004933-55-tps-21-21.svg","https://s.alicdn.com/@img/imgextra/i1/O1CN01skevju1mJMrEIZqWk_!!6000000004933-55-tps-21-21.svg","",""
"1773520266-9","https://www.alibaba.com/search/page?spm=a2700.product_home_fy25.the-new-header_fy23_pc_search_bar.keydown__Enter&SearchScene=proSearch&SearchText=adult+toys&pro=true&from=pcHomeHeader","WINYI 2024 Hot-Selling Bullet Vibrator Wholesale Adult Toys Mini Vibrating Travel Bullet Stick Massager Lipstick Vibrator","Shenzhen Winyi Technology Co., Ltd.","12 yrs","Min. order: 50 pieces","","Adult","600+ store reviews","1,105 sold","Toys","5% reorder rate","500+ views from North America","≤6h response time","$8.70","4.9","4.9/5.0","(30)","Delivery by Apr 04","Chat now","Add to cart","","","10% off","","","certified","$20 off shipping","Delivery by Apr 04","CN","#5 on manufacturer leaderboard","https://s.alicdn.com/@sc04/kf/Hc0ea227de1764b47acafa8696d87efc3r.jpg_300x300.jpg","","","","https://s.alicdn.com/@sc04/kf/Hdcdda68a5c974643bba82b99a60a9907G.png_100x100.png?webp=close&avif=close","","https://s.alicdn.com/@sc04/kf/Hdbbb6a106e8d4515be692063768d8fd4J.png_100x100.png?webp=close&avif=close","https://s.alicdn.com/@img/imgextra/i1/O1CN01H0fqnK1Gpp8Bpra4W_!!6000000000672-55-tps-20-21.svg","","https://s.alicdn.com/@u/mobile/g/common/flags/1.0.0/assets/cn.png","https://s.alicdn.com/@img/imgextra/i3/O1CN01Bv2erf1UtOvnQdp1D_!!6000000002575-55-tps-12-10.svg","https://s.alicdn.com/@sc01/kf/H62868c75e7eb4fbba8f8eb600d749c2aR.png","https://s.alicdn.com/@img/imgextra/i2/O1CN01pZsS7S1RAZFleCw0N_!!6000000002071-2-tps-33-34.png","https://s.alicdn.com/@img/imgextra/i3/O1CN01Bv2erf1UtOvnQdp1D_!!6000000002575-55-tps-12-10.svg","https://s.alicdn.com/@img/imgextra/i3/O1CN01Bv2erf1UtOvnQdp1D_!!6000000002575-55-tps-12-10.svg","","https://s.alicdn.com/@img/imgextra/i1/O1CN01skevju1mJMrEIZqWk_!!6000000004933-55-tps-21-21.svg","https://s.alicdn.com/@img/imgextra/i1/O1CN01skevju1mJMrEIZqWk_!!6000000004933-55-tps-21-21.svg","https://s.alicdn.com/@img/imgextra/i1/O1CN01AKovar1kB0OVaoU0M_!!6000000004644-2-tps-34-33.png","https://s.alicdn.com/@img/imgextra/i2/O1CN01pZsS7S1RAZFleCw0N_!!6000000002071-2-tps-33-34.png"
"1773520266-10","https://www.alibaba.com/search/page?spm=a2700.product_home_fy25.the-new-header_fy23_pc_search_bar.keydown__Enter&SearchScene=proSearch&SearchText=adult+toys&pro=true&from=pcHomeHeader","Sex Sofa Chair Inflatable BDSM Bondage Automatic Air Pump for Position Support Bed Pillow Sex Toys Ramp Couples SM Games Adults","Shenzhen Lefeng Technology Company Limited","5 yrs","Min. order: 1 piece","$49.99","Toys","300+ store reviews","16 sold","Adults","4% reorder rate","3100+ views from North America","≤6h response time","","4.5","4.5/5.0","(155)","Money-back guarantee","Chat now","Add to cart","","","","","","","$20 off shipping","Money-back guarantee","CN","","https://s.alicdn.com/@sc04/kf/H61cfb1976c5b46c39d3eb5bfafdc86aaF.jpg_300x300.jpg","","","","","https://s.alicdn.com/@sc01/kf/Hdbac61a2fce04421bb714a28e201ead6R.png?webp=close&avif=close","","https://s.alicdn.com/@img/imgextra/i1/O1CN01H0fqnK1Gpp8Bpra4W_!!6000000000672-55-tps-20-21.svg","","https://s.alicdn.com/@u/mobile/g/common/flags/1.0.0/assets/cn.png","https://s.alicdn.com/@img/imgextra/i3/O1CN01Bv2erf1UtOvnQdp1D_!!6000000002575-55-tps-12-10.svg","","https://s.alicdn.com/@img/imgextra/i2/O1CN01pZsS7S1RAZFleCw0N_!!6000000002071-2-tps-33-34.png","","","","https://s.alicdn.com/@img/imgextra/i1/O1CN01skevju1mJMrEIZqWk_!!6000000004933-55-tps-21-21.svg","https://s.alicdn.com/@img/imgextra/i1/O1CN01skevju1mJMrEIZqWk_!!6000000004933-55-tps-21-21.svg","https://s.alicdn.com/@img/imgextra/i1/O1CN01AKovar1kB0OVaoU0M_!!6000000004644-2-tps-34-33.png","https://s.alicdn.com/@img/imgextra/i2/O1CN01pZsS7S1RAZFleCw0N_!!6000000002071-2-tps-33-34.png"
"1773520266-11","https://www.alibaba.com/search/page?spm=a2700.product_home_fy25.the-new-header_fy23_pc_search_bar.keydown__Enter&SearchScene=proSearch&SearchText=adult+toys&pro=true&from=pcHomeHeader","Men's Gifts Male Chastity Cage Sex Toys Cock Cage Bondage Gear for Penis Exercise Control, Adult Toys for Men Beginners (Pink)","ETE (DongGuan) Technology Co., LTD.","2 yrs","Min. order: 1 piece","$24.38-26.44","Toys","100+ store reviews","5 sold","Adult","9% reorder rate","≤5h response time","","","4.4","4.4/5.0","(67)","Delivery by May 08","Chat now","Add to cart","Toys","","","","","","FREE shipping","Delivery by May 08","CN","Easy Return","https://s.alicdn.com/@sc04/kf/H0a06f9039c244aabbadcf46b7a654fae3.jpg_300x300.jpg","","","","","","","https://s.alicdn.com/@img/imgextra/i1/O1CN01H0fqnK1Gpp8Bpra4W_!!6000000000672-55-tps-20-21.svg","","https://s.alicdn.com/@u/mobile/g/common/flags/1.0.0/assets/cn.png","https://s.alicdn.com/@img/imgextra/i3/O1CN01Bv2erf1UtOvnQdp1D_!!6000000002575-55-tps-12-10.svg","","https://s.alicdn.com/@img/imgextra/i2/O1CN01pZsS7S1RAZFleCw0N_!!6000000002071-2-tps-33-34.png","","","https://s.alicdn.com/@img/imgextra/i4/O1CN01QUhXLX1lDaB0DYt9b_!!6000000004785-2-tps-34-34.png","https://s.alicdn.com/@img/imgextra/i1/O1CN01skevju1mJMrEIZqWk_!!6000000004933-55-tps-21-21.svg","https://s.alicdn.com/@img/imgextra/i1/O1CN01skevju1mJMrEIZqWk_!!6000000004933-55-tps-21-21.svg","https://s.alicdn.com/@img/imgextra/i1/O1CN01AKovar1kB0OVaoU0M_!!6000000004644-2-tps-34-33.png","https://s.alicdn.com/@img/imgextra/i2/O1CN01pZsS7S1RAZFleCw0N_!!6000000002071-2-tps-33-34.png"
"1773520266-12","https://www.alibaba.com/search/page?spm=a2700.product_home_fy25.the-new-header_fy23_pc_search_bar.keydown__Enter&SearchScene=proSearch&SearchText=adult+toys&pro=true&from=pcHomeHeader","Cactus Shape Vibrator Massager for Women Waterproof Adult Massage Wand with Multiple Vibration Modes for Personal and Couple Use","HuiTing Medical Technology (Huizhou) Co., Ltd.","1 yr","Min. order: 1 piece","$3.50","Adult","2% reorder rate","","","≤1h response time","","","","4.3","4.3/5.0","(5)","Easy Return","Chat now","Add to cart","","","","","","","FREE shipping","Easy Return","CN","","https://s.alicdn.com/@sc04/kf/H05c4243a61d54e3b90428c6d887366faO.png_300x300.png","","","","","","","https://s.alicdn.com/@img/imgextra/i1/O1CN01H0fqnK1Gpp8Bpra4W_!!6000000000672-55-tps-20-21.svg","","https://s.alicdn.com/@u/mobile/g/common/flags/1.0.0/assets/cn.png","https://s.alicdn.com/@img/imgextra/i2/O1CN01lUQbI41ymTPgE2qXM_!!6000000006621-55-tps-12-10.svg","","https://s.alicdn.com/@img/imgextra/i4/O1CN01QUhXLX1lDaB0DYt9b_!!6000000004785-2-tps-34-34.png","","","","https://s.alicdn.com/@img/imgextra/i1/O1CN01skevju1mJMrEIZqWk_!!6000000004933-55-tps-21-21.svg","https://s.alicdn.com/@img/imgextra/i1/O1CN01skevju1mJMrEIZqWk_!!6000000004933-55-tps-21-21.svg","https://s.alicdn.com/@img/imgextra/i1/O1CN01AKovar1kB0OVaoU0M_!!6000000004644-2-tps-34-33.png","https://s.alicdn.com/@img/imgextra/i4/O1CN01QUhXLX1lDaB0DYt9b_!!6000000004785-2-tps-34-34.png"
"1773520266-13","https://www.alibaba.com/search/page?spm=a2700.product_home_fy25.the-new-header_fy23_pc_search_bar.keydown__Enter&SearchScene=proSearch&SearchText=adult+toys&pro=true&from=pcHomeHeader","OEM Hot Sale Adult Vibrator Sex Toys Big Sex Machine Anal Plug Dildos for Women Vibrating Thrusting","Wenzhou Junzheng Trading Co., Ltd.","1 yr","Min. order: 200 pieces","$3.24-3.80","Adult","","","Toys","","","","","","","","","Chat now","","","","","","Easy Return","","","","CN","","https://s.alicdn.com/@sc04/kf/H4e66e166268a48f49b4d68bfb04f0650Y.jpg_300x300.jpg","","","","","","","https://s.alicdn.com/@img/imgextra/i1/O1CN01H0fqnK1Gpp8Bpra4W_!!6000000000672-55-tps-20-21.svg","https://s.alicdn.com/@img/imgextra/i4/O1CN01QUhXLX1lDaB0DYt9b_!!6000000004785-2-tps-34-34.png","https://s.alicdn.com/@u/mobile/g/common/flags/1.0.0/assets/cn.png","https://s.alicdn.com/@img/imgextra/i2/O1CN01lUQbI41ymTPgE2qXM_!!6000000006621-55-tps-12-10.svg","","","","","","https://s.alicdn.com/@img/imgextra/i1/O1CN01skevju1mJMrEIZqWk_!!6000000004933-55-tps-21-21.svg","https://s.alicdn.com/@img/imgextra/i1/O1CN01skevju1mJMrEIZqWk_!!6000000004933-55-tps-21-21.svg","",""
"1773520266-14","https://www.alibaba.com/search/page?spm=a2700.product_home_fy25.the-new-header_fy23_pc_search_bar.keydown__Enter&SearchScene=proSearch&SearchText=adult+toys&pro=true&from=pcHomeHeader","10 Modes Electric Nipple Clamp Breast Massage Vibrator Enhancer Bondage Adult Stimulator Sex Toys for Women Couples Female","Shenzhen Jingufeng Technology Co., Ltd.","8 yrs","Min. order: 1 piece","$8.36","Adult","100+ store reviews","","Toys","200+ views from North America","","","","5.0","5.0/5.0","(2)","","Chat now","Add to cart","","","","","Easy Return","","","","CN","","https://s.alicdn.com/@sc04/kf/H0499656f631844568d938b963c70e429c.jpg_300x300.jpg","","","","","","","https://s.alicdn.com/@img/imgextra/i1/O1CN01H0fqnK1Gpp8Bpra4W_!!6000000000672-55-tps-20-21.svg","https://s.alicdn.com/@img/imgextra/i4/O1CN01QUhXLX1lDaB0DYt9b_!!6000000004785-2-tps-34-34.png","https://s.alicdn.com/@u/mobile/g/common/flags/1.0.0/assets/cn.png","https://s.alicdn.com/@img/imgextra/i2/O1CN01lUQbI41ymTPgE2qXM_!!6000000006621-55-tps-12-10.svg","","","","","","https://s.alicdn.com/@img/imgextra/i1/O1CN01skevju1mJMrEIZqWk_!!6000000004933-55-tps-21-21.svg","https://s.alicdn.com/@img/imgextra/i1/O1CN01skevju1mJMrEIZqWk_!!6000000004933-55-tps-21-21.svg","",""
"1773520266-15","https://www.alibaba.com/search/page?spm=a2700.product_home_fy25.the-new-header_fy23_pc_search_bar.keydown__Enter&SearchScene=proSearch&SearchText=adult+toys&pro=true&from=pcHomeHeader","Wholesale Sex Toy for Women Clitoral Vibrator love Toys Adult Toy Wand Massager Sextoys Adult Products Juguetes Sexuales Massage","Shenzhen Lanzhe Technology Co., Ltd.","1 yr","Min. order: 10 pieces","$1.97-1.99","Toy","200+ store reviews","800 sold","Toys","16% reorder rate","4800+ views from North America","≤1h response time","","4.9","4.9/5.0","(30)","","Chat now","","Adult","Toy","","Adult","Easy Return","","","","CN","","https://s.alicdn.com/@sc04/kf/Hf83fcd4c78f142b1b2735ae3db90ddcbh.jpg_300x300.jpg","","","","","","","https://s.alicdn.com/@img/imgextra/i1/O1CN01H0fqnK1Gpp8Bpra4W_!!6000000000672-55-tps-20-21.svg","https://s.alicdn.com/@img/imgextra/i4/O1CN01QUhXLX1lDaB0DYt9b_!!6000000004785-2-tps-34-34.png","https://s.alicdn.com/@u/mobile/g/common/flags/1.0.0/assets/cn.png","https://s.alicdn.com/@img/imgextra/i3/O1CN01Bv2erf1UtOvnQdp1D_!!6000000002575-55-tps-12-10.svg","https://s.alicdn.com/@sc01/kf/H62868c75e7eb4fbba8f8eb600d749c2aR.png","","","","","https://s.alicdn.com/@img/imgextra/i1/O1CN01skevju1mJMrEIZqWk_!!6000000004933-55-tps-21-21.svg","https://s.alicdn.com/@img/imgextra/i1/O1CN01skevju1mJMrEIZqWk_!!6000000004933-55-tps-21-21.svg","",""
"1773520266-16","https://www.alibaba.com/search/page?spm=a2700.product_home_fy25.the-new-header_fy23_pc_search_bar.keydown__Enter&SearchScene=proSearch&SearchText=adult+toys&pro=true&from=pcHomeHeader","Adult Toys Dildo Vibrator Sex Toy Double Rod Masturbation Rabbit Vibrator Utensils Adult Sex Product Vibrator for Women","Chengdu Chengxi Trading Co., Ltd.","1 yr","Min. order: 2 pieces","$1.78-2.18","Adult","50+ store reviews","168 sold","Toys","5% reorder rate","8500+ views from North America","≤2h response time","","4.5","4.5/5.0","(39)","","Chat now","","Toy","Adult","","","Easy Return","","","","CN","","https://s.alicdn.com/@sc04/kf/Af15b84c6a6d9439e9aeb8fbb5709bec1q.png_300x300.png","","","","","","","https://s.alicdn.com/@img/imgextra/i1/O1CN01H0fqnK1Gpp8Bpra4W_!!6000000000672-55-tps-20-21.svg","https://s.alicdn.com/@img/imgextra/i4/O1CN01QUhXLX1lDaB0DYt9b_!!6000000004785-2-tps-34-34.png","https://s.alicdn.com/@u/mobile/g/common/flags/1.0.0/assets/cn.png","https://s.alicdn.com/@img/imgextra/i3/O1CN01Bv2erf1UtOvnQdp1D_!!6000000002575-55-tps-12-10.svg","https://s.alicdn.com/@sc01/kf/H62868c75e7eb4fbba8f8eb600d749c2aR.png","","","","","https://s.alicdn.com/@img/imgextra/i1/O1CN01skevju1mJMrEIZqWk_!!6000000004933-55-tps-21-21.svg","https://s.alicdn.com/@img/imgextra/i1/O1CN01skevju1mJMrEIZqWk_!!6000000004933-55-tps-21-21.svg","",""
"1773520266-17","https://www.alibaba.com/search/page?spm=a2700.product_home_fy25.the-new-header_fy23_pc_search_bar.keydown__Enter&SearchScene=proSearch&SearchText=adult+toys&pro=true&from=pcHomeHeader","Hot Selling Female Massage Vibrator Adult Sex Product USB Rechargeable 20 Frequency Vibration 8 Speed Adjustment Masturbation","Quxiang Technology (guangzhou) Co., Ltd.","1 yr","Min. order: 100 pieces","$1.75-1.86","Adult","100+ store reviews","3,120 sold","","23% reorder rate","8800+ views from North America","≤1h response time","","4.9","4.9/5.0","(17)","","Chat now","","","","","","Easy Return","certified","","","CN","","https://s.alicdn.com/@sc04/kf/H3fbd977622154399ba904e71b26acbd3v.png_300x300.png","","https://s.alicdn.com/@sc04/kf/H22471f40ed7c43bd96412a4e0934b019C.png_100x100.png?webp=close&avif=close","","https://s.alicdn.com/@sc04/kf/Hdcdda68a5c974643bba82b99a60a9907G.png_100x100.png?webp=close&avif=close","","https://s.alicdn.com/@sc04/kf/Hdbbb6a106e8d4515be692063768d8fd4J.png_100x100.png?webp=close&avif=close","https://s.alicdn.com/@img/imgextra/i1/O1CN01H0fqnK1Gpp8Bpra4W_!!6000000000672-55-tps-20-21.svg","https://s.alicdn.com/@img/imgextra/i4/O1CN01QUhXLX1lDaB0DYt9b_!!6000000004785-2-tps-34-34.png","https://s.alicdn.com/@u/mobile/g/common/flags/1.0.0/assets/cn.png","https://s.alicdn.com/@img/imgextra/i3/O1CN01Bv2erf1UtOvnQdp1D_!!6000000002575-55-tps-12-10.svg","https://s.alicdn.com/@sc01/kf/H62868c75e7eb4fbba8f8eb600d749c2aR.png","","","","","https://s.alicdn.com/@img/imgextra/i1/O1CN01skevju1mJMrEIZqWk_!!6000000004933-55-tps-21-21.svg","https://s.alicdn.com/@img/imgextra/i1/O1CN01skevju1mJMrEIZqWk_!!6000000004933-55-tps-21-21.svg","",""
"1773520266-18","https://www.alibaba.com/search/page?spm=a2700.product_home_fy25.the-new-header_fy23_pc_search_bar.keydown__Enter&SearchScene=proSearch&SearchText=adult+toys&pro=true&from=pcHomeHeader","Goods for Adults Products Sextoy for Women 2 in 1 Dildo Lesbian Sucking Wand Vibrator Sex Toys for Woman","Shenzhen Great Force Plastic Products Co., Ltd.","10 yrs","Min. order: 100 pieces","$8-8.70","Adults","100+ store reviews","","Toys","≤2h response time","","","","3.8","3.8/5.0","(3)","","Chat now","","","","","","","certified","","","CN","","https://s.alicdn.com/@sc04/kf/Hb574ec4719764334850263496cd1b87ep.png_300x300.png","","","","https://s.alicdn.com/@sc04/kf/H22471f40ed7c43bd96412a4e0934b019C.png_100x100.png?webp=close&avif=close","","https://s.alicdn.com/@sc04/kf/Hdbbb6a106e8d4515be692063768d8fd4J.png_100x100.png?webp=close&avif=close","https://s.alicdn.com/@img/imgextra/i1/O1CN01H0fqnK1Gpp8Bpra4W_!!6000000000672-55-tps-20-21.svg","","https://s.alicdn.com/@u/mobile/g/common/flags/1.0.0/assets/cn.png","https://s.alicdn.com/@img/imgextra/i2/O1CN01lUQbI41ymTPgE2qXM_!!6000000006621-55-tps-12-10.svg","https://s.alicdn.com/@sc01/kf/H62868c75e7eb4fbba8f8eb600d749c2aR.png","","","","","https://s.alicdn.com/@img/imgextra/i1/O1CN01skevju1mJMrEIZqWk_!!6000000004933-55-tps-21-21.svg","https://s.alicdn.com/@img/imgextra/i1/O1CN01skevju1mJMrEIZqWk_!!6000000004933-55-tps-21-21.svg","",""
"1773520266-19","https://www.alibaba.com/search/page?spm=a2700.product_home_fy25.the-new-header_fy23_pc_search_bar.keydown__Enter&SearchScene=proSearch&SearchText=adult+toys&pro=true&from=pcHomeHeader","Rechargeable Adult Toys Adult Sensory Toys for Women - Female Sex Pleasure Devices Powerful Tongue and Licking G Toys","Shanxi Baiao Word Of Mouth Technology Co.,ltd","2 yrs","Min. order: 5 pieces","$3.90","Adult","600+ store reviews","23 sold","Toys","8% reorder rate","1000+ views from North America","≤2h response time","","4.7","4.7/5.0","(260)","Money-back guarantee","Chat now","Add to cart","Adult","Toys","","Toys","","certified","FREE shipping","Money-back guarantee","CN","","https://s.alicdn.com/@sc04/kf/H3115a4e74ed547e2a6f756696ebfa30dJ.jpg_300x300.jpg","https://s.alicdn.com/@sc04/kf/H3ad5a26ff8134e289b6265eedf954601o.png_100x100.png?webp=close&avif=close","https://s.alicdn.com/@sc04/kf/Hdbbb6a106e8d4515be692063768d8fd4J.png_100x100.png?webp=close&avif=close","","https://s.alicdn.com/@sc04/kf/H1603a777e41b4b4eb3cba19c631cff6cX.png_100x100.png?webp=close&avif=close","","https://s.alicdn.com/@sc04/kf/H018435c67be4469fb37ace1bc6888139Z.png_100x100.png?webp=close&avif=close","https://s.alicdn.com/@img/imgextra/i1/O1CN01H0fqnK1Gpp8Bpra4W_!!6000000000672-55-tps-20-21.svg","","https://s.alicdn.com/@u/mobile/g/common/flags/1.0.0/assets/cn.png","https://s.alicdn.com/@img/imgextra/i3/O1CN01Bv2erf1UtOvnQdp1D_!!6000000002575-55-tps-12-10.svg","https://s.alicdn.com/@sc01/kf/H62868c75e7eb4fbba8f8eb600d749c2aR.png","https://s.alicdn.com/@img/imgextra/i2/O1CN01pZsS7S1RAZFleCw0N_!!6000000002071-2-tps-33-34.png","","","","https://s.alicdn.com/@img/imgextra/i1/O1CN01skevju1mJMrEIZqWk_!!6000000004933-55-tps-21-21.svg","https://s.alicdn.com/@img/imgextra/i1/O1CN01skevju1mJMrEIZqWk_!!6000000004933-55-tps-21-21.svg","https://s.alicdn.com/@img/imgextra/i1/O1CN01AKovar1kB0OVaoU0M_!!6000000004644-2-tps-34-33.png","https://s.alicdn.com/@img/imgextra/i2/O1CN01pZsS7S1RAZFleCw0N_!!6000000002071-2-tps-33-34.png"
"1773520266-20","https://www.alibaba.com/search/page?spm=a2700.product_home_fy25.the-new-header_fy23_pc_search_bar.keydown__Enter&SearchScene=proSearch&SearchText=adult+toys&pro=true&from=pcHomeHeader","Wireless Adult Sex Toys 10 Speeds Shine Flirting Cushion for Egg Massager Underwear Panty Vibrator Sex Toy for Lover Games","Taiyuan Jingshi Technology Co., Ltd.","1 yr","Min. order: 1 piece","$2.56-3.52","Adult","18% reorder rate","","Toys","≤1h response time","","","","4.9","4.9/5.0","(4)","","Chat now","","Toy","","","","Easy Return","","","","CN","","https://s.alicdn.com/@sc04/kf/Ha61ac763255743cdbae0e4bf4c8ab1e6J.jpg_300x300.jpg","","","","","","","https://s.alicdn.com/@img/imgextra/i1/O1CN01H0fqnK1Gpp8Bpra4W_!!6000000000672-55-tps-20-21.svg","https://s.alicdn.com/@img/imgextra/i4/O1CN01QUhXLX1lDaB0DYt9b_!!6000000004785-2-tps-34-34.png","https://s.alicdn.com/@u/mobile/g/common/flags/1.0.0/assets/cn.png","https://s.alicdn.com/@img/imgextra/i3/O1CN01Bv2erf1UtOvnQdp1D_!!6000000002575-55-tps-12-10.svg","https://s.alicdn.com/@sc01/kf/H62868c75e7eb4fbba8f8eb600d749c2aR.png","","","","","https://s.alicdn.com/@img/imgextra/i1/O1CN01skevju1mJMrEIZqWk_!!6000000004933-55-tps-21-21.svg","https://s.alicdn.com/@img/imgextra/i1/O1CN01skevju1mJMrEIZqWk_!!6000000004933-55-tps-21-21.svg","",""
"1773520266-21","https://www.alibaba.com/search/page?spm=a2700.product_home_fy25.the-new-header_fy23_pc_search_bar.keydown__Enter&SearchScene=proSearch&SearchText=adult+toys&pro=true&from=pcHomeHeader","Y Love Powerful Adult Sex Toys Big Vibrating Masturbator Wand Massager with G-Spot & Vaginal Vibrators for Women","Shenzhen Y.love Technology Co., Ltd.","8 yrs","Min. order: 1 piece","","Adult","600+ store reviews","431 sold","Toys","11% reorder rate","3400+ views from North America","≤4h response time","$8.61","4.7","4.7/5.0","(64)","Money-back guarantee","Chat now","Add to cart","","","10% off","","","certified","FREE shipping","Money-back guarantee","CN","","https://s.alicdn.com/@sc04/kf/Hf292153bf7bc4efeafd0c96782bf8d00o.jpg_300x300.jpg","","","","https://s.alicdn.com/@sc04/kf/H1603a777e41b4b4eb3cba19c631cff6cX.png_100x100.png?webp=close&avif=close","https://s.alicdn.com/@sc01/kf/Hdbac61a2fce04421bb714a28e201ead6R.png?webp=close&avif=close","https://s.alicdn.com/@sc04/kf/Hdbbb6a106e8d4515be692063768d8fd4J.png_100x100.png?webp=close&avif=close","https://s.alicdn.com/@img/imgextra/i1/O1CN01H0fqnK1Gpp8Bpra4W_!!6000000000672-55-tps-20-21.svg","","https://s.alicdn.com/@u/mobile/g/common/flags/1.0.0/assets/cn.png","https://s.alicdn.com/@img/imgextra/i3/O1CN01Bv2erf1UtOvnQdp1D_!!6000000002575-55-tps-12-10.svg","https://s.alicdn.com/@sc01/kf/H62868c75e7eb4fbba8f8eb600d749c2aR.png","https://s.alicdn.com/@img/imgextra/i2/O1CN01pZsS7S1RAZFleCw0N_!!6000000002071-2-tps-33-34.png","https://s.alicdn.com/@img/imgextra/i3/O1CN01Bv2erf1UtOvnQdp1D_!!6000000002575-55-tps-12-10.svg","https://s.alicdn.com/@img/imgextra/i3/O1CN01Bv2erf1UtOvnQdp1D_!!6000000002575-55-tps-12-10.svg","","https://s.alicdn.com/@img/imgextra/i1/O1CN01skevju1mJMrEIZqWk_!!6000000004933-55-tps-21-21.svg","https://s.alicdn.com/@img/imgextra/i1/O1CN01skevju1mJMrEIZqWk_!!6000000004933-55-tps-21-21.svg","https://s.alicdn.com/@img/imgextra/i1/O1CN01AKovar1kB0OVaoU0M_!!6000000004644-2-tps-34-33.png","https://s.alicdn.com/@img/imgextra/i2/O1CN01pZsS7S1RAZFleCw0N_!!6000000002071-2-tps-33-34.png"
"1773520266-22","https://www.alibaba.com/search/page?spm=a2700.product_home_fy25.the-new-header_fy23_pc_search_bar.keydown__Enter&SearchScene=proSearch&SearchText=adult+toys&pro=true&from=pcHomeHeader","Hot Toys Adult Sex Toy Women Silicone Vagina Massage Vibrator with 10-Speed Vibration USB Rechargeable","Ningbo Fuho Ascend Import & Export Co., Ltd.","9 yrs","Min. order: 10 pieces","$5.99","Toys","500+ store reviews","","Adult","33% reorder rate","≤3h response time","","","4.7","4.7/5.0","(8)","Easy Return","Chat now","Add to cart","Toy","","","","","","$20 off shipping","Easy Return","CN","","https://s.alicdn.com/@sc04/kf/H4b1d5fefde0f4d47b28e7023510321f5U.jpg_300x300.jpg","","","","","","","https://s.alicdn.com/@img/imgextra/i1/O1CN01H0fqnK1Gpp8Bpra4W_!!6000000000672-55-tps-20-21.svg","","https://s.alicdn.com/@u/mobile/g/common/flags/1.0.0/assets/cn.png","https://s.alicdn.com/@img/imgextra/i2/O1CN01lUQbI41ymTPgE2qXM_!!6000000006621-55-tps-12-10.svg","","https://s.alicdn.com/@img/imgextra/i4/O1CN01QUhXLX1lDaB0DYt9b_!!6000000004785-2-tps-34-34.png","","","","https://s.alicdn.com/@img/imgextra/i1/O1CN01skevju1mJMrEIZqWk_!!6000000004933-55-tps-21-21.svg","https://s.alicdn.com/@img/imgextra/i1/O1CN01skevju1mJMrEIZqWk_!!6000000004933-55-tps-21-21.svg","https://s.alicdn.com/@img/imgextra/i1/O1CN01AKovar1kB0OVaoU0M_!!6000000004644-2-tps-34-33.png","https://s.alicdn.com/@img/imgextra/i4/O1CN01QUhXLX1lDaB0DYt9b_!!6000000004785-2-tps-34-34.png"
"1773520266-23","https://www.alibaba.com/search/page?spm=a2700.product_home_fy25.the-new-header_fy23_pc_search_bar.keydown__Enter&SearchScene=proSearch&SearchText=adult+toys&pro=true&from=pcHomeHeader","Wholesale Adult Sex Toys Clitoral Vibrator Adult Toy Silicone Sextoys AV Wand Massager Adult Products Juguetes Sexuales Vibrator","Shanxi Desaanrui Technology Development Co., Ltd.","1 yr","Min. order: 1 piece","$6-6.80","Adult","33% reorder rate","","Toys","100+ views from North America","≤2h response time","","","","","","","Chat now","","Adult","Toy","","Adult","Easy Return","","","","CN","","https://s.alicdn.com/@sc04/kf/Ha9893f78c0984b149fcb0c456efa464eX.jpg_300x300.jpg","","","","","","","https://s.alicdn.com/@img/imgextra/i1/O1CN01H0fqnK1Gpp8Bpra4W_!!6000000000672-55-tps-20-21.svg","https://s.alicdn.com/@img/imgextra/i4/O1CN01QUhXLX1lDaB0DYt9b_!!6000000004785-2-tps-34-34.png","https://s.alicdn.com/@u/mobile/g/common/flags/1.0.0/assets/cn.png","https://s.alicdn.com/@img/imgextra/i2/O1CN01lUQbI41ymTPgE2qXM_!!6000000006621-55-tps-12-10.svg","https://s.alicdn.com/@sc01/kf/H62868c75e7eb4fbba8f8eb600d749c2aR.png","","","","","https://s.alicdn.com/@img/imgextra/i1/O1CN01skevju1mJMrEIZqWk_!!6000000004933-55-tps-21-21.svg","https://s.alicdn.com/@img/imgextra/i1/O1CN01skevju1mJMrEIZqWk_!!6000000004933-55-tps-21-21.svg","",""
"1773520266-24","https://www.alibaba.com/search/page?spm=a2700.product_home_fy25.the-new-header_fy23_pc_search_bar.keydown__Enter&SearchScene=proSearch&SearchText=adult+toys&pro=true&from=pcHomeHeader","Wholesale Adult Fun Toys Erotic Magic Wand Massager Silicone Vibrator Sex Toys for Woman","Shenzhen Meyur Technology Co., Ltd.","14 yrs","Min. order: 10 pieces","$6.21","Adult","200+ store reviews","","Toys","16% reorder rate","1000+ views from North America","≤7h response time","","4.4","4.4/5.0","(83)","Delivery by Apr 24","Chat now","Add to cart","Toys","","","","","","$20 off shipping","Delivery by Apr 24","CN","Easy Return","https://s.alicdn.com/@sc04/kf/Habdcf9445fa0454eaf23e688dfe2dff1f.jpg_300x300.jpg","","","https://s.alicdn.com/@img/imgextra/i3/O1CN01Bv2erf1UtOvnQdp1D_!!6000000002575-55-tps-12-10.svg","","","","https://s.alicdn.com/@img/imgextra/i1/O1CN01H0fqnK1Gpp8Bpra4W_!!6000000000672-55-tps-20-21.svg","","https://s.alicdn.com/@u/mobile/g/common/flags/1.0.0/assets/cn.png","https://s.alicdn.com/@img/imgextra/i3/O1CN01Bv2erf1UtOvnQdp1D_!!6000000002575-55-tps-12-10.svg","https://s.alicdn.com/@sc01/kf/H62868c75e7eb4fbba8f8eb600d749c2aR.png","https://s.alicdn.com/@img/imgextra/i2/O1CN01pZsS7S1RAZFleCw0N_!!6000000002071-2-tps-33-34.png","https://s.alicdn.com/@img/imgextra/i3/O1CN01Bv2erf1UtOvnQdp1D_!!6000000002575-55-tps-12-10.svg","https://s.alicdn.com/@img/imgextra/i3/O1CN01Bv2erf1UtOvnQdp1D_!!6000000002575-55-tps-12-10.svg","https://s.alicdn.com/@img/imgextra/i4/O1CN01QUhXLX1lDaB0DYt9b_!!6000000004785-2-tps-34-34.png","https://s.alicdn.com/@img/imgextra/i1/O1CN01skevju1mJMrEIZqWk_!!6000000004933-55-tps-21-21.svg","https://s.alicdn.com/@img/imgextra/i1/O1CN01skevju1mJMrEIZqWk_!!6000000004933-55-tps-21-21.svg","https://s.alicdn.com/@img/imgextra/i1/O1CN01AKovar1kB0OVaoU0M_!!6000000004644-2-tps-34-33.png","https://s.alicdn.com/@img/imgextra/i2/O1CN01pZsS7S1RAZFleCw0N_!!6000000002071-2-tps-33-34.png"
"1773520266-25","https://www.alibaba.com/search/page?spm=a2700.product_home_fy25.the-new-header_fy23_pc_search_bar.keydown__Enter&SearchScene=proSearch&SearchText=adult+toys&pro=true&from=pcHomeHeader","Adult Products for Women Full Body Massager Rabbit Vibrator Sex Masturbator","Shenzhen Shuiyifang Technology Co., Ltd.","14 yrs","Min. order: 10 pieces","$6.20","Adult","100+ store reviews","","","","","","","5.0","5.0/5.0","(2)","Easy Return","Chat now","Add to cart","","","","","","","$10 off every $100","Easy Return","CN","","https://s.alicdn.com/@sc04/kf/H5b64e43c23a44a9894a3fc1250569f8dK.png_300x300.png","","","","","","","https://s.alicdn.com/@img/imgextra/i1/O1CN01H0fqnK1Gpp8Bpra4W_!!6000000000672-55-tps-20-21.svg","","https://s.alicdn.com/@u/mobile/g/common/flags/1.0.0/assets/cn.png","https://s.alicdn.com/@img/imgextra/i2/O1CN01lUQbI41ymTPgE2qXM_!!6000000006621-55-tps-12-10.svg","","https://s.alicdn.com/@img/imgextra/i4/O1CN01QUhXLX1lDaB0DYt9b_!!6000000004785-2-tps-34-34.png","","","","https://s.alicdn.com/@img/imgextra/i1/O1CN01skevju1mJMrEIZqWk_!!6000000004933-55-tps-21-21.svg","https://s.alicdn.com/@img/imgextra/i1/O1CN01skevju1mJMrEIZqWk_!!6000000004933-55-tps-21-21.svg","https://s.alicdn.com/@img/imgextra/i2/O1CN01eHcIQG1ooAkRWcKep_!!6000000005271-2-tps-33-33.png","https://s.alicdn.com/@img/imgextra/i4/O1CN01QUhXLX1lDaB0DYt9b_!!6000000004785-2-tps-34-34.png"
"1773520266-26","https://www.alibaba.com/search/page?spm=a2700.product_home_fy25.the-new-header_fy23_pc_search_bar.keydown__Enter&SearchScene=proSearch&SearchText=adult+toys&pro=true&from=pcHomeHeader","Adult Game SM Sex Toys 7-26 Set Restraint Handcuffs & Plush Bondage BDSM Couple Sex Dildo & Anal Plug for Women","Shenzhen Aizhiyin Toy Products Co., Ltd.","2 yrs","Min. order: 3 sets","$3.99-12.99","Adult","700+ store reviews","","Toys","400+ views from North America","≤2h response time","","","5.0","5.0/5.0","(9)","$20 off shipping","Chat now","Add to cart","","","","","","","$20 off shipping","","CN","","https://s.alicdn.com/@sc04/kf/H8705e08dc3f44e2cbfead4b9b45ea825m.jpg_300x300.jpg","","","","","","","https://s.alicdn.com/@img/imgextra/i1/O1CN01H0fqnK1Gpp8Bpra4W_!!6000000000672-55-tps-20-21.svg","","https://s.alicdn.com/@u/mobile/g/common/flags/1.0.0/assets/cn.png","https://s.alicdn.com/@img/imgextra/i2/O1CN01lUQbI41ymTPgE2qXM_!!6000000006621-55-tps-12-10.svg","","https://s.alicdn.com/@img/imgextra/i1/O1CN01AKovar1kB0OVaoU0M_!!6000000004644-2-tps-34-33.png","","","","https://s.alicdn.com/@img/imgextra/i1/O1CN01skevju1mJMrEIZqWk_!!6000000004933-55-tps-21-21.svg","https://s.alicdn.com/@img/imgextra/i1/O1CN01skevju1mJMrEIZqWk_!!6000000004933-55-tps-21-21.svg","https://s.alicdn.com/@img/imgextra/i1/O1CN01AKovar1kB0OVaoU0M_!!6000000004644-2-tps-34-33.png",""
"1773520266-27","https://www.alibaba.com/search/page?spm=a2700.product_home_fy25.the-new-header_fy23_pc_search_bar.keydown__Enter&SearchScene=proSearch&SearchText=adult+toys&pro=true&from=pcHomeHeader","Factory Wholesale Sexy Erotic Multi Power Long-term Operation Strong Vibration Adult Sex Toy Vibrator","Shanghai Zhiwei Jingcheng E-Commerce Co., Ltd.","1 yr","Min. order: 16 pieces","$13.50-14.20","Adult","≤5h response time","","Toy","","","","","","","","","Chat now","","","","","","Easy Return","","","","CN","","https://s.alicdn.com/@sc04/kf/H361be2a92cce44e08079b32c83834f75V.jpg_300x300.jpg","","","","","","","https://s.alicdn.com/@img/imgextra/i1/O1CN01H0fqnK1Gpp8Bpra4W_!!6000000000672-55-tps-20-21.svg","https://s.alicdn.com/@img/imgextra/i4/O1CN01QUhXLX1lDaB0DYt9b_!!6000000004785-2-tps-34-34.png","https://s.alicdn.com/@u/mobile/g/common/flags/1.0.0/assets/cn.png","https://s.alicdn.com/@img/imgextra/i2/O1CN01lUQbI41ymTPgE2qXM_!!6000000006621-55-tps-12-10.svg","","","","","","https://s.alicdn.com/@img/imgextra/i1/O1CN01skevju1mJMrEIZqWk_!!6000000004933-55-tps-21-21.svg","https://s.alicdn.com/@img/imgextra/i1/O1CN01skevju1mJMrEIZqWk_!!6000000004933-55-tps-21-21.svg","",""
"1773520266-28","https://www.alibaba.com/search/page?spm=a2700.product_home_fy25.the-new-header_fy23_pc_search_bar.keydown__Enter&SearchScene=proSearch&SearchText=adult+toys&pro=true&from=pcHomeHeader","Men Masturbation Toys Adult Product Adult Toy Realistic Skin-like Butt Model Silicone Masturbation Sex Toys","Linhai Lvyin Silicone Technology Co., Ltd.","3 yrs","Min. order: 10 pieces","$4.03","Toys","200+ views from North America","","Adult","≤4h response time","","","","4.6","4.6/5.0","(2)","Easy Return","Chat now","Add to cart","Adult","Toy","","Toys","","","$20 off shipping","Easy Return","CN","","https://s.alicdn.com/@sc04/kf/H14fc46cec8724194b132c832002f99074.jpg_300x300.jpg","","","","","","","https://s.alicdn.com/@img/imgextra/i1/O1CN01H0fqnK1Gpp8Bpra4W_!!6000000000672-55-tps-20-21.svg","","https://s.alicdn.com/@u/mobile/g/common/flags/1.0.0/assets/cn.png","https://s.alicdn.com/@img/imgextra/i2/O1CN01lUQbI41ymTPgE2qXM_!!6000000006621-55-tps-12-10.svg","https://s.alicdn.com/@sc01/kf/H62868c75e7eb4fbba8f8eb600d749c2aR.png","https://s.alicdn.com/@img/imgextra/i4/O1CN01QUhXLX1lDaB0DYt9b_!!6000000004785-2-tps-34-34.png","","","","https://s.alicdn.com/@img/imgextra/i1/O1CN01skevju1mJMrEIZqWk_!!6000000004933-55-tps-21-21.svg","https://s.alicdn.com/@img/imgextra/i1/O1CN01skevju1mJMrEIZqWk_!!6000000004933-55-tps-21-21.svg","https://s.alicdn.com/@img/imgextra/i1/O1CN01AKovar1kB0OVaoU0M_!!6000000004644-2-tps-34-33.png","https://s.alicdn.com/@img/imgextra/i4/O1CN01QUhXLX1lDaB0DYt9b_!!6000000004785-2-tps-34-34.png"
"1773520266-29","https://www.alibaba.com/search/page?spm=a2700.product_home_fy25.the-new-header_fy23_pc_search_bar.keydown__Enter&SearchScene=proSearch&SearchText=adult+toys&pro=true&from=pcHomeHeader","USB Charging Adult Sex Vibrator Toy for Women 12 Vibration Levels","Hefei Feijun Technology Co., Ltd.","1 yr","Min. order: 10 pieces","$12.90-13","Adult","≤6h response time","","Toy","","","","","4.3","4.3/5.0","(5)","","Chat now","","","","","","Easy Return","","","","CN","","https://s.alicdn.com/@sc04/kf/H54d4d013cda74b0d9054cbeff2d459e5s.png_300x300.png","","","","","","","https://s.alicdn.com/@img/imgextra/i1/O1CN01H0fqnK1Gpp8Bpra4W_!!6000000000672-55-tps-20-21.svg","https://s.alicdn.com/@img/imgextra/i4/O1CN01QUhXLX1lDaB0DYt9b_!!6000000004785-2-tps-34-34.png","https://s.alicdn.com/@u/mobile/g/common/flags/1.0.0/assets/cn.png","https://s.alicdn.com/@img/imgextra/i2/O1CN01lUQbI41ymTPgE2qXM_!!6000000006621-55-tps-12-10.svg","","","","","","https://s.alicdn.com/@img/imgextra/i1/O1CN01skevju1mJMrEIZqWk_!!6000000004933-55-tps-21-21.svg","https://s.alicdn.com/@img/imgextra/i1/O1CN01skevju1mJMrEIZqWk_!!6000000004933-55-tps-21-21.svg","",""
"1773520266-30","https://www.alibaba.com/search/page?spm=a2700.product_home_fy25.the-new-header_fy23_pc_search_bar.keydown__Enter&SearchScene=proSearch&SearchText=adult+toys&pro=true&from=pcHomeHeader","Bestselling Adult Toys Model Silicone Sexy Women Adult Toys Lightweight Ergonomic for Solo or Partner Use","Chongqing Winter Technology Co., Ltd.","1 yr","Min. order: 10 pieces","$14.62","Adult","6% reorder rate","","Toys","≤2h response time","","","","4.0","4.0/5.0","(13)","Easy Return","Chat now","Add to cart","Adult","Toys","","","","","$20 off shipping","Easy Return","CN","","https://s.alicdn.com/@sc04/kf/Hb3fc4e4cdf0a4e1da27bd77ef728121bF.jpg_300x300.jpg","","","","","","","https://s.alicdn.com/@img/imgextra/i1/O1CN01H0fqnK1Gpp8Bpra4W_!!6000000000672-55-tps-20-21.svg","","https://s.alicdn.com/@u/mobile/g/common/flags/1.0.0/assets/cn.png","https://s.alicdn.com/@img/imgextra/i3/O1CN01Bv2erf1UtOvnQdp1D_!!6000000002575-55-tps-12-10.svg","","https://s.alicdn.com/@img/imgextra/i4/O1CN01QUhXLX1lDaB0DYt9b_!!6000000004785-2-tps-34-34.png","","","","https://s.alicdn.com/@img/imgextra/i1/O1CN01skevju1mJMrEIZqWk_!!6000000004933-55-tps-21-21.svg","https://s.alicdn.com/@img/imgextra/i1/O1CN01skevju1mJMrEIZqWk_!!6000000004933-55-tps-21-21.svg","https://s.alicdn.com/@img/imgextra/i1/O1CN01AKovar1kB0OVaoU0M_!!6000000004644-2-tps-34-33.png","https://s.alicdn.com/@img/imgextra/i4/O1CN01QUhXLX1lDaB0DYt9b_!!6000000004785-2-tps-34-34.png"
"1773520266-31","https://www.alibaba.com/search/page?spm=a2700.product_home_fy25.the-new-header_fy23_pc_search_bar.keydown__Enter&SearchScene=proSearch&SearchText=adult+toys&pro=true&from=pcHomeHeader","High Quality Adult Sex Toys 12 Frequency Female Dildo Massager Breast Vagina Masturbator G-spot Vibrator Licking Vibrator","Dongguan Jinmi Tech Development Co., Ltd.","5 yrs","Min. order: 1 piece","$4.42-5.29","Adult","100+ store reviews","","Toys","20% reorder rate","≤3h response time","","","4.6","4.6/5.0","(45)","","Chat now","","","","","","Easy Return","certified","","","CN","","https://s.alicdn.com/@sc04/kf/He6d8f5da14644ff2933ef43b3a4cff7ft.png_300x300.png","","https://s.alicdn.com/@sc04/kf/H3ad5a26ff8134e289b6265eedf954601o.png_100x100.png?webp=close&avif=close","","https://s.alicdn.com/@sc04/kf/Hdcdda68a5c974643bba82b99a60a9907G.png_100x100.png?webp=close&avif=close","","https://s.alicdn.com/@sc04/kf/Hdbbb6a106e8d4515be692063768d8fd4J.png_100x100.png?webp=close&avif=close","https://s.alicdn.com/@img/imgextra/i1/O1CN01H0fqnK1Gpp8Bpra4W_!!6000000000672-55-tps-20-21.svg","https://s.alicdn.com/@img/imgextra/i4/O1CN01QUhXLX1lDaB0DYt9b_!!6000000004785-2-tps-34-34.png","https://s.alicdn.com/@u/mobile/g/common/flags/1.0.0/assets/cn.png","https://s.alicdn.com/@img/imgextra/i3/O1CN01Bv2erf1UtOvnQdp1D_!!6000000002575-55-tps-12-10.svg","https://s.alicdn.com/@sc01/kf/H62868c75e7eb4fbba8f8eb600d749c2aR.png","","https://s.alicdn.com/@img/imgextra/i3/O1CN01Bv2erf1UtOvnQdp1D_!!6000000002575-55-tps-12-10.svg","","","https://s.alicdn.com/@img/imgextra/i1/O1CN01skevju1mJMrEIZqWk_!!6000000004933-55-tps-21-21.svg","https://s.alicdn.com/@img/imgextra/i1/O1CN01skevju1mJMrEIZqWk_!!6000000004933-55-tps-21-21.svg","",""
"1773520266-32","https://www.alibaba.com/search/page?spm=a2700.product_home_fy25.the-new-header_fy23_pc_search_bar.keydown__Enter&SearchScene=proSearch&SearchText=adult+toys&pro=true&from=pcHomeHeader","Sex Toy Customize Adult Products G-spot Vibrator Sextoy Vaginal Vibrator Adult Toy Big Dildo Juguetes Sexuales Artificial Penis","Shenzhen Yueruisheng Technology Co., Ltd.","1 yr","Min. order: 1 piece","$10.18-10.98","Toy","≤1h response time","","Adult","","","","","","","","","Chat now","","Adult","Toy","","","Easy Return","","","","CN","","https://s.alicdn.com/@sc04/kf/H85eb731ba5ab481896511a49fd5e57baH.jpg_300x300.jpg","","","","","","","https://s.alicdn.com/@img/imgextra/i1/O1CN01H0fqnK1Gpp8Bpra4W_!!6000000000672-55-tps-20-21.svg","https://s.alicdn.com/@img/imgextra/i4/O1CN01QUhXLX1lDaB0DYt9b_!!6000000004785-2-tps-34-34.png","https://s.alicdn.com/@u/mobile/g/common/flags/1.0.0/assets/cn.png","https://s.alicdn.com/@img/imgextra/i2/O1CN01lUQbI41ymTPgE2qXM_!!6000000006621-55-tps-12-10.svg","","","","","","https://s.alicdn.com/@img/imgextra/i1/O1CN01skevju1mJMrEIZqWk_!!6000000004933-55-tps-21-21.svg","https://s.alicdn.com/@img/imgextra/i1/O1CN01skevju1mJMrEIZqWk_!!6000000004933-55-tps-21-21.svg","",""
"1773520266-33","https://www.alibaba.com/search/page?spm=a2700.product_home_fy25.the-new-header_fy23_pc_search_bar.keydown__Enter&SearchScene=proSearch&SearchText=adult+toys&pro=true&from=pcHomeHeader","Adult Sex Toys, Rose Sex Toy Couples Adult Toys Clitoral Stimulator, Sexual Pleasure Tools Clit Vibrators Womens Sex Toys","Shenzhen Huijunming Industrial Co., Ltd.","4 yrs","Min. order: 1 piece","$4.39","Adult","700+ store reviews","50 sold","Toys","5% reorder rate","100+ views from North America","≤3h response time","","4.6","4.6/5.0","(30)","Easy Return","Chat now","Add to cart","Toy","Adult","","Toys","","","$20 off shipping","Easy Return","CN","","https://s.alicdn.com/@sc04/kf/H5bd70a552fc2434ab943c80787ce4527B.jpg_300x300.jpg","","","","","","","https://s.alicdn.com/@img/imgextra/i1/O1CN01H0fqnK1Gpp8Bpra4W_!!6000000000672-55-tps-20-21.svg","","https://s.alicdn.com/@u/mobile/g/common/flags/1.0.0/assets/cn.png","https://s.alicdn.com/@img/imgextra/i3/O1CN01Bv2erf1UtOvnQdp1D_!!6000000002575-55-tps-12-10.svg","","https://s.alicdn.com/@img/imgextra/i4/O1CN01QUhXLX1lDaB0DYt9b_!!6000000004785-2-tps-34-34.png","","","","https://s.alicdn.com/@img/imgextra/i1/O1CN01skevju1mJMrEIZqWk_!!6000000004933-55-tps-21-21.svg","https://s.alicdn.com/@img/imgextra/i1/O1CN01skevju1mJMrEIZqWk_!!6000000004933-55-tps-21-21.svg","https://s.alicdn.com/@img/imgextra/i1/O1CN01AKovar1kB0OVaoU0M_!!6000000004644-2-tps-34-33.png","https://s.alicdn.com/@img/imgextra/i4/O1CN01QUhXLX1lDaB0DYt9b_!!6000000004785-2-tps-34-34.png"
"1773520266-34","https://www.alibaba.com/search/page?spm=a2700.product_home_fy25.the-new-header_fy23_pc_search_bar.keydown__Enter&SearchScene=proSearch&SearchText=adult+toys&pro=true&from=pcHomeHeader","Powerful Adult Masturbators AV Wand Vibrator Clitoris Stimulator Vibrator Massager Sex Toys Adult Vibrator Sex Toys for Women","Hebei Aisin Health Technology Co., Ltd.","5 yrs","Min. order: 10 pieces","$5.22-5.70","Adult","400+ store reviews","","Toys","32% reorder rate","≤2h response time","","","4.7","4.7/5.0","(36)","","Chat now","","Adult","Toys","","","Easy Return","certified","","","CN","","https://s.alicdn.com/@sc04/kf/H68632bc8f2194515a8b02dadc31c00288.jpg_300x300.jpg","","","","https://s.alicdn.com/@sc04/kf/Hdcdda68a5c974643bba82b99a60a9907G.png_100x100.png?webp=close&avif=close","","https://s.alicdn.com/@sc04/kf/Hdbbb6a106e8d4515be692063768d8fd4J.png_100x100.png?webp=close&avif=close","https://s.alicdn.com/@img/imgextra/i1/O1CN01H0fqnK1Gpp8Bpra4W_!!6000000000672-55-tps-20-21.svg","https://s.alicdn.com/@img/imgextra/i4/O1CN01QUhXLX1lDaB0DYt9b_!!6000000004785-2-tps-34-34.png","https://s.alicdn.com/@u/mobile/g/common/flags/1.0.0/assets/cn.png","https://s.alicdn.com/@img/imgextra/i3/O1CN01Bv2erf1UtOvnQdp1D_!!6000000002575-55-tps-12-10.svg","https://s.alicdn.com/@sc01/kf/H62868c75e7eb4fbba8f8eb600d749c2aR.png","","https://s.alicdn.com/@img/imgextra/i3/O1CN01Bv2erf1UtOvnQdp1D_!!6000000002575-55-tps-12-10.svg","","","https://s.alicdn.com/@img/imgextra/i1/O1CN01skevju1mJMrEIZqWk_!!6000000004933-55-tps-21-21.svg","https://s.alicdn.com/@img/imgextra/i1/O1CN01skevju1mJMrEIZqWk_!!6000000004933-55-tps-21-21.svg","",""
"1773520266-35","https://www.alibaba.com/search/page?spm=a2700.product_home_fy25.the-new-header_fy23_pc_search_bar.keydown__Enter&SearchScene=proSearch&SearchText=adult+toys&pro=true&from=pcHomeHeader","Ergonomic Design Adult Sex Toys Massager Anal Beads Vibrator 10 Frequency Vibrations Silicone Anal Plugs for Couples","Guangzhou Mengma Technology Co., Ltd.","6 yrs","Min. order: 1 piece","$8.35","Adult","600+ store reviews","","Toys","27% reorder rate","≤6h response time","","","4.6","4.6/5.0","(23)","","Chat now","Add to cart","","","","","Easy Return","","","","CN","","https://s.alicdn.com/@sc04/kf/H1b2a93de5eed4d5a844df4da4ba85a2dP.jpg_300x300.jpg","","","","","","","https://s.alicdn.com/@img/imgextra/i1/O1CN01H0fqnK1Gpp8Bpra4W_!!6000000000672-55-tps-20-21.svg","https://s.alicdn.com/@img/imgextra/i4/O1CN01QUhXLX1lDaB0DYt9b_!!6000000004785-2-tps-34-34.png","https://s.alicdn.com/@u/mobile/g/common/flags/1.0.0/assets/cn.png","https://s.alicdn.com/@img/imgextra/i3/O1CN01Bv2erf1UtOvnQdp1D_!!6000000002575-55-tps-12-10.svg","","","","","","https://s.alicdn.com/@img/imgextra/i1/O1CN01skevju1mJMrEIZqWk_!!6000000004933-55-tps-21-21.svg","https://s.alicdn.com/@img/imgextra/i1/O1CN01skevju1mJMrEIZqWk_!!6000000004933-55-tps-21-21.svg","",""
"1773520266-36","https://www.alibaba.com/search/page?spm=a2700.product_home_fy25.the-new-header_fy23_pc_search_bar.keydown__Enter&SearchScene=proSearch&SearchText=adult+toys&pro=true&from=pcHomeHeader","Adult Soft Silicone Sex Toys With 10 Functions Rabbit Vibrator for Woman Vagina G Spot Masturbation","Shenzhen Darkool Technology Co., Ltd.","11 yrs","Min. order: 2 pieces","$5","Adult","100+ store reviews","","Toys","≤10h response time","","","","4.6","4.6/5.0","(2)","Money-back guarantee","Chat now","Add to cart","","","","","","","FREE shipping","Money-back guarantee","CN","","https://s.alicdn.com/@sc04/kf/HTB1ntd9LQPoK1RjSZKbq6x1IXXas.jpg_300x300.jpg","","","","","https://s.alicdn.com/@sc01/kf/Hdbac61a2fce04421bb714a28e201ead6R.png?webp=close&avif=close","","https://s.alicdn.com/@img/imgextra/i1/O1CN01H0fqnK1Gpp8Bpra4W_!!6000000000672-55-tps-20-21.svg","","https://s.alicdn.com/@u/mobile/g/common/flags/1.0.0/assets/cn.png","https://s.alicdn.com/@img/imgextra/i2/O1CN01lUQbI41ymTPgE2qXM_!!6000000006621-55-tps-12-10.svg","","https://s.alicdn.com/@img/imgextra/i2/O1CN01pZsS7S1RAZFleCw0N_!!6000000002071-2-tps-33-34.png","","","","https://s.alicdn.com/@img/imgextra/i1/O1CN01skevju1mJMrEIZqWk_!!6000000004933-55-tps-21-21.svg","https://s.alicdn.com/@img/imgextra/i1/O1CN01skevju1mJMrEIZqWk_!!6000000004933-55-tps-21-21.svg","https://s.alicdn.com/@img/imgextra/i1/O1CN01AKovar1kB0OVaoU0M_!!6000000004644-2-tps-34-33.png","https://s.alicdn.com/@img/imgextra/i2/O1CN01pZsS7S1RAZFleCw0N_!!6000000002071-2-tps-33-34.png"
"1773520266-37","https://www.alibaba.com/search/page?spm=a2700.product_home_fy25.the-new-header_fy23_pc_search_bar.keydown__Enter&SearchScene=proSearch&SearchText=adult+toys&pro=true&from=pcHomeHeader","Wholesale Adult Supplies Female Heating Rocking Dildo Masturbator Sex Toys Plug & Silicone ABS Material Penis Gun Adult Sex Toys","Shuangliu District Xunxiang Tanwu Electronic Cigarette Vaporizer Business Department","1 yr","Min. order: 1 piece","$12.80","Adult","33% reorder rate","","Toys","≤1h response time","","","","4.8","4.8/5.0","(12)","","Chat now","","Adult","Toys","","","Easy Return","","","","CN","","https://s.alicdn.com/@sc04/kf/H24962ba3596e48a39f3329a98b83ac89H.png_300x300.png","","","","","","","https://s.alicdn.com/@img/imgextra/i1/O1CN01H0fqnK1Gpp8Bpra4W_!!6000000000672-55-tps-20-21.svg","https://s.alicdn.com/@img/imgextra/i4/O1CN01QUhXLX1lDaB0DYt9b_!!6000000004785-2-tps-34-34.png","https://s.alicdn.com/@u/mobile/g/common/flags/1.0.0/assets/cn.png","https://s.alicdn.com/@img/imgextra/i3/O1CN01Bv2erf1UtOvnQdp1D_!!6000000002575-55-tps-12-10.svg","","","","","","https://s.alicdn.com/@img/imgextra/i1/O1CN01skevju1mJMrEIZqWk_!!6000000004933-55-tps-21-21.svg","https://s.alicdn.com/@img/imgextra/i1/O1CN01skevju1mJMrEIZqWk_!!6000000004933-55-tps-21-21.svg","",""
"1773520266-38","https://www.alibaba.com/search/page?spm=a2700.product_home_fy25.the-new-header_fy23_pc_search_bar.keydown__Enter&SearchScene=proSearch&SearchText=adult+toys&pro=true&from=pcHomeHeader","Smart Wearable Adult Anal Vibrator Adult Sex Toys App Controlled Silicone Big Butt Plug Sex Toys for Couples","Dongguan Shiming Industrial Co., Ltd.","5 yrs","Min. order: 3 pieces","$5.99-6.49","Adult","200+ store reviews","","Adult","20% reorder rate","≤8h response time","","","5.0","5.0/5.0","(11)","","Chat now","","Toys","Toys","","","Easy Return","","","","CN","","https://s.alicdn.com/@sc04/kf/Hb07ab7be0df34921ba67a0e91b6e53a8X.png_300x300.png","","","","","","","https://s.alicdn.com/@img/imgextra/i1/O1CN01H0fqnK1Gpp8Bpra4W_!!6000000000672-55-tps-20-21.svg","https://s.alicdn.com/@img/imgextra/i4/O1CN01QUhXLX1lDaB0DYt9b_!!6000000004785-2-tps-34-34.png","https://s.alicdn.com/@u/mobile/g/common/flags/1.0.0/assets/cn.png","https://s.alicdn.com/@img/imgextra/i3/O1CN01Bv2erf1UtOvnQdp1D_!!6000000002575-55-tps-12-10.svg","","","","","","https://s.alicdn.com/@img/imgextra/i1/O1CN01skevju1mJMrEIZqWk_!!6000000004933-55-tps-21-21.svg","https://s.alicdn.com/@img/imgextra/i1/O1CN01skevju1mJMrEIZqWk_!!6000000004933-55-tps-21-21.svg","",""
"1773520266-39","https://www.alibaba.com/search/page?spm=a2700.product_home_fy25.the-new-header_fy23_pc_search_bar.keydown__Enter&SearchScene=proSearch&SearchText=adult+toys&pro=true&from=pcHomeHeader","Remote Controlled Adult Sex Toy Clitoris Vaginal Stimulator Female Masturbator Adult Toys Wearing Vibrator for Woman","Shanxi Hailun Technology Co., Ltd.","1 yr","Min. order: 5 pieces","$12.99","Adult","≤4h response time","","Toy","","","","","4.8","4.8/5.0","(3)","Money-back guarantee","Chat now","Add to cart","Adult","Toys","","","","","$20 off shipping","Money-back guarantee","CN","","https://s.alicdn.com/@sc04/kf/H972424158f4e44f5abd3fc65554dca8e8.jpg_300x300.jpg","","","","","https://s.alicdn.com/@sc01/kf/Hdbac61a2fce04421bb714a28e201ead6R.png?webp=close&avif=close","","https://s.alicdn.com/@img/imgextra/i1/O1CN01H0fqnK1Gpp8Bpra4W_!!6000000000672-55-tps-20-21.svg","","https://s.alicdn.com/@u/mobile/g/common/flags/1.0.0/assets/cn.png","https://s.alicdn.com/@img/imgextra/i2/O1CN01lUQbI41ymTPgE2qXM_!!6000000006621-55-tps-12-10.svg","https://s.alicdn.com/@sc01/kf/H62868c75e7eb4fbba8f8eb600d749c2aR.png","https://s.alicdn.com/@img/imgextra/i2/O1CN01pZsS7S1RAZFleCw0N_!!6000000002071-2-tps-33-34.png","","","","https://s.alicdn.com/@img/imgextra/i1/O1CN01skevju1mJMrEIZqWk_!!6000000004933-55-tps-21-21.svg","https://s.alicdn.com/@img/imgextra/i1/O1CN01skevju1mJMrEIZqWk_!!6000000004933-55-tps-21-21.svg","https://s.alicdn.com/@img/imgextra/i1/O1CN01AKovar1kB0OVaoU0M_!!6000000004644-2-tps-34-33.png","https://s.alicdn.com/@img/imgextra/i2/O1CN01pZsS7S1RAZFleCw0N_!!6000000002071-2-tps-33-34.png"
"1773520266-40","https://www.alibaba.com/search/page?spm=a2700.product_home_fy25.the-new-header_fy23_pc_search_bar.keydown__Enter&SearchScene=proSearch&SearchText=adult+toys&pro=true&from=pcHomeHeader","Adult Toys Sex Toys for Women with 10 Sucking 10 Thrusting Dildo G Spot Vibrators, Adult Sex Toys Games for Couples Pleasure","Dongguan Mivoo Silicon Electronics Co., Ltd.","9 yrs","Min. order: 1 piece","$11.79","Adult","2400+ store reviews","","Toys","5% reorder rate","≤5h response time","","","4.4","4.4/5.0","(19)","Easy Return","Chat now","Add to cart","Toys","Adult","","Toys","","","FREE shipping","Easy Return","CN","","https://s.alicdn.com/@sc04/kf/H1801d1450a884b36830cd7bca41b2ed8e.jpg_300x300.jpg","","","","","","","https://s.alicdn.com/@img/imgextra/i1/O1CN01H0fqnK1Gpp8Bpra4W_!!6000000000672-55-tps-20-21.svg","","https://s.alicdn.com/@u/mobile/g/common/flags/1.0.0/assets/cn.png","https://s.alicdn.com/@img/imgextra/i2/O1CN01lUQbI41ymTPgE2qXM_!!6000000006621-55-tps-12-10.svg","","https://s.alicdn.com/@img/imgextra/i4/O1CN01QUhXLX1lDaB0DYt9b_!!6000000004785-2-tps-34-34.png","","","","https://s.alicdn.com/@img/imgextra/i1/O1CN01skevju1mJMrEIZqWk_!!6000000004933-55-tps-21-21.svg","https://s.alicdn.com/@img/imgextra/i1/O1CN01skevju1mJMrEIZqWk_!!6000000004933-55-tps-21-21.svg","https://s.alicdn.com/@img/imgextra/i1/O1CN01AKovar1kB0OVaoU0M_!!6000000004644-2-tps-34-33.png","https://s.alicdn.com/@img/imgextra/i4/O1CN01QUhXLX1lDaB0DYt9b_!!6000000004785-2-tps-34-34.png"
"1773520266-41","https://www.alibaba.com/search/page?spm=a2700.product_home_fy25.the-new-header_fy23_pc_search_bar.keydown__Enter&SearchScene=proSearch&SearchText=adult+toys&pro=true&from=pcHomeHeader","High Quality Adult Sex Silicone USB Rechargeable Penis Dildos G-Spot Vaginal Vibrators 10 Frequencies Daily Waterproof Female","DA DA INTERNATIONAL (HK) LIMITED","2 yrs","Min. order: 1 piece","$8.50-32","Adult","100+ store reviews","","","15% reorder rate","400+ views from North America","≤1h response time","","4.6","4.6/5.0","(164)","","Chat now","","","","","","","","","","HK","","https://s.alicdn.com/@sc04/kf/Ha45d8904c51345ba90bb472980366de2Y.jpg_300x300.jpg","","","https://s.alicdn.com/@img/imgextra/i3/O1CN01Bv2erf1UtOvnQdp1D_!!6000000002575-55-tps-12-10.svg","","","","https://s.alicdn.com/@img/imgextra/i1/O1CN01H0fqnK1Gpp8Bpra4W_!!6000000000672-55-tps-20-21.svg","","https://s.alicdn.com/@u/mobile/g/common/flags/1.0.0/assets/hk.png","https://s.alicdn.com/@img/imgextra/i3/O1CN01Bv2erf1UtOvnQdp1D_!!6000000002575-55-tps-12-10.svg","","","https://s.alicdn.com/@img/imgextra/i3/O1CN01Bv2erf1UtOvnQdp1D_!!6000000002575-55-tps-12-10.svg","https://s.alicdn.com/@img/imgextra/i3/O1CN01Bv2erf1UtOvnQdp1D_!!6000000002575-55-tps-12-10.svg","","https://s.alicdn.com/@img/imgextra/i1/O1CN01skevju1mJMrEIZqWk_!!6000000004933-55-tps-21-21.svg","https://s.alicdn.com/@img/imgextra/i1/O1CN01skevju1mJMrEIZqWk_!!6000000004933-55-tps-21-21.svg","",""
"1773520266-42","https://www.alibaba.com/search/page?spm=a2700.product_home_fy25.the-new-header_fy23_pc_search_bar.keydown__Enter&SearchScene=proSearch&SearchText=adult+toys&pro=true&from=pcHomeHeader","Buy Exotic Wholesale Sex Adult Toys for Woman Couples Women Vagina OEM AV 2021 Sex Toy Vibrator Vibrating Massage Wand Massager","Shenzhen Xindeli Technology Industrial Co., Ltd.","1 yr","Min. order: 1 piece","$3.68-4.42","Adult","200+ store reviews","","Toys","7% reorder rate","200+ views from North America","≤2h response time","","4.6","4.6/5.0","(122)","","Chat now","","Toy","","","","Easy Return","certified","","","CN","","https://s.alicdn.com/@sc04/kf/H38f8020339e34d0085bd4f08961f7059w.jpg_300x300.jpg","https://s.alicdn.com/@sc04/kf/H22471f40ed7c43bd96412a4e0934b019C.png_100x100.png?webp=close&avif=close","https://s.alicdn.com/@sc04/kf/H3ad5a26ff8134e289b6265eedf954601o.png_100x100.png?webp=close&avif=close","","https://s.alicdn.com/@sc04/kf/H1603a777e41b4b4eb3cba19c631cff6cX.png_100x100.png?webp=close&avif=close","","https://s.alicdn.com/@sc04/kf/H018435c67be4469fb37ace1bc6888139Z.png_100x100.png?webp=close&avif=close","https://s.alicdn.com/@img/imgextra/i1/O1CN01H0fqnK1Gpp8Bpra4W_!!6000000000672-55-tps-20-21.svg","https://s.alicdn.com/@img/imgextra/i4/O1CN01QUhXLX1lDaB0DYt9b_!!6000000004785-2-tps-34-34.png","https://s.alicdn.com/@u/mobile/g/common/flags/1.0.0/assets/cn.png","https://s.alicdn.com/@img/imgextra/i3/O1CN01Bv2erf1UtOvnQdp1D_!!6000000002575-55-tps-12-10.svg","https://s.alicdn.com/@sc01/kf/H62868c75e7eb4fbba8f8eb600d749c2aR.png","","https://s.alicdn.com/@img/imgextra/i3/O1CN01Bv2erf1UtOvnQdp1D_!!6000000002575-55-tps-12-10.svg","","","https://s.alicdn.com/@img/imgextra/i1/O1CN01skevju1mJMrEIZqWk_!!6000000004933-55-tps-21-21.svg","https://s.alicdn.com/@img/imgextra/i1/O1CN01skevju1mJMrEIZqWk_!!6000000004933-55-tps-21-21.svg","",""
"1773520266-43","https://www.alibaba.com/search/page?spm=a2700.product_home_fy25.the-new-header_fy23_pc_search_bar.keydown__Enter&SearchScene=proSearch&SearchText=adult+toys&pro=true&from=pcHomeHeader","Hot-selling Sex Toys for Adults Pocket Adult Toys Japanese Male Masturbator Vagina Toy for Man Sex Pussy","Jiangmen Biying Leather Co., Ltd.","3 yrs","Min. order: 3 pieces","$1.91-2.49","Toys","16% reorder rate","","Adults","≤2h response time","","","","","","","","Chat now","","Adult","Toys","","Toy","Easy Return","","","","CN","","https://s.alicdn.com/@sc04/kf/H27fa3f2e240e4eaa9fa440721855d89di.jpg_300x300.jpg","","","","","","","https://s.alicdn.com/@img/imgextra/i1/O1CN01H0fqnK1Gpp8Bpra4W_!!6000000000672-55-tps-20-21.svg","https://s.alicdn.com/@img/imgextra/i4/O1CN01QUhXLX1lDaB0DYt9b_!!6000000004785-2-tps-34-34.png","https://s.alicdn.com/@u/mobile/g/common/flags/1.0.0/assets/cn.png","https://s.alicdn.com/@img/imgextra/i2/O1CN01lUQbI41ymTPgE2qXM_!!6000000006621-55-tps-12-10.svg","","","","","","https://s.alicdn.com/@img/imgextra/i1/O1CN01skevju1mJMrEIZqWk_!!6000000004933-55-tps-21-21.svg","https://s.alicdn.com/@img/imgextra/i1/O1CN01skevju1mJMrEIZqWk_!!6000000004933-55-tps-21-21.svg","",""
"1773520266-44","https://www.alibaba.com/search/page?spm=a2700.product_home_fy25.the-new-header_fy23_pc_search_bar.keydown__Enter&SearchScene=proSearch&SearchText=adult+toys&pro=true&from=pcHomeHeader","Adult Products Sex Toys Female Masturbation Products Lesbian Vibrator Masturbator Dual Head Usable Stimulating Orgasmic Toys","Shenzhen Second Partner Intelligent & Interesting Technology Co., Ltd.","1 yr","Min. order: 3 pieces","$10.80","Adult","≤2h response time","","Toys","","","","","","","","Easy Return","Chat now","Add to cart","Toys","","","","","","$20 off shipping","Easy Return","CN","","https://s.alicdn.com/@sc04/kf/H290ff4f9efa14dd69197605e13a051c0a.png_300x300.png","","","","","","","https://s.alicdn.com/@img/imgextra/i1/O1CN01H0fqnK1Gpp8Bpra4W_!!6000000000672-55-tps-20-21.svg","","https://s.alicdn.com/@u/mobile/g/common/flags/1.0.0/assets/cn.png","https://s.alicdn.com/@img/imgextra/i2/O1CN01lUQbI41ymTPgE2qXM_!!6000000006621-55-tps-12-10.svg","","https://s.alicdn.com/@img/imgextra/i4/O1CN01QUhXLX1lDaB0DYt9b_!!6000000004785-2-tps-34-34.png","","","","https://s.alicdn.com/@img/imgextra/i1/O1CN01skevju1mJMrEIZqWk_!!6000000004933-55-tps-21-21.svg","https://s.alicdn.com/@img/imgextra/i1/O1CN01skevju1mJMrEIZqWk_!!6000000004933-55-tps-21-21.svg","https://s.alicdn.com/@img/imgextra/i1/O1CN01AKovar1kB0OVaoU0M_!!6000000004644-2-tps-34-33.png","https://s.alicdn.com/@img/imgextra/i4/O1CN01QUhXLX1lDaB0DYt9b_!!6000000004785-2-tps-34-34.png"
"1773520266-45","https://www.alibaba.com/search/page?spm=a2700.product_home_fy25.the-new-header_fy23_pc_search_bar.keydown__Enter&SearchScene=proSearch&SearchText=adult+toys&pro=true&from=pcHomeHeader","Wholesale Sex Toy for Women Clitoral Vibrator love Toys Adult Toy Wand Massager Sextoys Adult Products Juguetes Sexuales Massage","Sichuan Dsy Trading Co., Ltd.","1 yr","Min. order: 10 pieces","$1.97-2.16","Toy","600+ views from North America","","Toys","≤6h response time","","","","","","","","Chat now","","Adult","Toy","","Adult","Easy Return","","","","CN","","https://s.alicdn.com/@sc04/kf/Hecf2310bb0ac445ea57cbfa93f1e3e80S.jpg_300x300.jpg","","","","","","","https://s.alicdn.com/@img/imgextra/i1/O1CN01H0fqnK1Gpp8Bpra4W_!!6000000000672-55-tps-20-21.svg","https://s.alicdn.com/@img/imgextra/i4/O1CN01QUhXLX1lDaB0DYt9b_!!6000000004785-2-tps-34-34.png","https://s.alicdn.com/@u/mobile/g/common/flags/1.0.0/assets/cn.png","https://s.alicdn.com/@img/imgextra/i2/O1CN01lUQbI41ymTPgE2qXM_!!6000000006621-55-tps-12-10.svg","","","","","","https://s.alicdn.com/@img/imgextra/i1/O1CN01skevju1mJMrEIZqWk_!!6000000004933-55-tps-21-21.svg","https://s.alicdn.com/@img/imgextra/i1/O1CN01skevju1mJMrEIZqWk_!!6000000004933-55-tps-21-21.svg","",""
"1773520266-46","https://www.alibaba.com/search/page?spm=a2700.product_home_fy25.the-new-header_fy23_pc_search_bar.keydown__Enter&SearchScene=proSearch&SearchText=adult+toys&pro=true&from=pcHomeHeader","Adult Novelty Sex Toys Clitoral Vibrator Sextoy Remote Control Vibrating Panties Adult Toy Vibrating Underwear","Shenzhen Donggan Huoban Technology Co., Ltd.","1 yr","Min. order: 1 piece","$8.70-10.50","Adult","100+ views from North America","","Toys","≤1h response time","","","","","","","","Chat now","","Adult","Toy","","","","","","","CN","","https://s.alicdn.com/@sc04/kf/H5e642fe6e1864df9afc2675f00ebc64a1.jpg_300x300.jpg","","","","","","","https://s.alicdn.com/@img/imgextra/i1/O1CN01H0fqnK1Gpp8Bpra4W_!!6000000000672-55-tps-20-21.svg","","https://s.alicdn.com/@u/mobile/g/common/flags/1.0.0/assets/cn.png","https://s.alicdn.com/@img/imgextra/i2/O1CN01lUQbI41ymTPgE2qXM_!!6000000006621-55-tps-12-10.svg","","","","","","https://s.alicdn.com/@img/imgextra/i1/O1CN01skevju1mJMrEIZqWk_!!6000000004933-55-tps-21-21.svg","https://s.alicdn.com/@img/imgextra/i1/O1CN01skevju1mJMrEIZqWk_!!6000000004933-55-tps-21-21.svg","",""
"1773520266-47","https://www.alibaba.com/search/page?spm=a2700.product_home_fy25.the-new-header_fy23_pc_search_bar.keydown__Enter&SearchScene=proSearch&SearchText=adult+toys&pro=true&from=pcHomeHeader","Vibrator Adult Sex Toys for Women - Mouth Rose Vibrator New Design Finger Snapping Vibrator G Spot Clit Stimulator Pleasure Toy","Shenzhen Yuelong Technology Co., Ltd.","8 yrs","Min. order: 50 pieces","$12.50","Adult","300+ store reviews","","Toys","20% reorder rate","≤4h response time","","","5.0","5.0/5.0","(10)","Easy Return","Chat now","Add to cart","Toy","","","","","","$20 off shipping","Easy Return","CN","","https://s.alicdn.com/@sc04/kf/H2d8576df11834dc4b01dd28f98d8c0b9l.png_300x300.png","","","","","","","https://s.alicdn.com/@img/imgextra/i1/O1CN01H0fqnK1Gpp8Bpra4W_!!6000000000672-55-tps-20-21.svg","","https://s.alicdn.com/@u/mobile/g/common/flags/1.0.0/assets/cn.png","https://s.alicdn.com/@img/imgextra/i2/O1CN01lUQbI41ymTPgE2qXM_!!6000000006621-55-tps-12-10.svg","","https://s.alicdn.com/@img/imgextra/i4/O1CN01QUhXLX1lDaB0DYt9b_!!6000000004785-2-tps-34-34.png","","","","https://s.alicdn.com/@img/imgextra/i1/O1CN01skevju1mJMrEIZqWk_!!6000000004933-55-tps-21-21.svg","https://s.alicdn.com/@img/imgextra/i1/O1CN01skevju1mJMrEIZqWk_!!6000000004933-55-tps-21-21.svg","https://s.alicdn.com/@img/imgextra/i1/O1CN01AKovar1kB0OVaoU0M_!!6000000004644-2-tps-34-33.png","https://s.alicdn.com/@img/imgextra/i4/O1CN01QUhXLX1lDaB0DYt9b_!!6000000004785-2-tps-34-34.png"
"1773520266-48","https://www.alibaba.com/search/page?spm=a2700.product_home_fy25.the-new-header_fy23_pc_search_bar.keydown__Enter&SearchScene=proSearch&SearchText=adult+toys&pro=true&from=pcHomeHeader","Adult Products Vibrator Toys for Women G-Spot Rabbit Vibrator Dildo Vibrating Girl Masturbation","New Energy Industry Co., Limited","1 yr","Min. order: 10 pieces","$5.20-5.60","Adult","100+ store reviews","","Toys","10% reorder rate","200+ views from North America","≤4h response time","","4.4","4.4/5.0","(116)","","Chat now","","","","","","","","","","HK","","https://s.alicdn.com/@sc04/kf/He7bc4aa254d644088e15e86e83e1d642A.jpg_300x300.jpg","","","","","","","https://s.alicdn.com/@img/imgextra/i1/O1CN01H0fqnK1Gpp8Bpra4W_!!6000000000672-55-tps-20-21.svg","","https://s.alicdn.com/@u/mobile/g/common/flags/1.0.0/assets/hk.png","https://s.alicdn.com/@img/imgextra/i3/O1CN01Bv2erf1UtOvnQdp1D_!!6000000002575-55-tps-12-10.svg","","","https://s.alicdn.com/@img/imgextra/i3/O1CN01Bv2erf1UtOvnQdp1D_!!6000000002575-55-tps-12-10.svg","","","https://s.alicdn.com/@img/imgextra/i1/O1CN01skevju1mJMrEIZqWk_!!6000000004933-55-tps-21-21.svg","https://s.alicdn.com/@img/imgextra/i1/O1CN01skevju1mJMrEIZqWk_!!6000000004933-55-tps-21-21.svg","",""
"1773520266-49","https://www.alibaba.com/search/page?spm=a2700.product_home_fy25.the-new-header_fy23_pc_search_bar.keydown__Enter&SearchScene=proSearch&SearchText=adult+toys&pro=true&from=pcHomeHeader","G Spot Rabbit Vibrator Sex Toy for Women Dildo Vibrating Vagina Clitoris Massager Rechargeable Vibration AV Stick Adult Sex Toys","Shenzhen I Like Health Technology Co., Ltd.","8 yrs","Min. order: 1 piece","","Toy","5900+ store reviews","28 sold","Adult","10% reorder rate","5100+ views from North America","≤2h response time","$3.90","4.6","4.6/5.0","(83)","7-day delivery","Chat now","Add to cart","Toys","","10% off","","","certified","180-day lowest prices","7-day delivery","CN","","https://s.alicdn.com/@sc04/kf/Hac002eae71e9433ea7b2b8ec7a28f403z.jpg_300x300.jpg","","","","https://s.alicdn.com/@sc04/kf/Hdbbb6a106e8d4515be692063768d8fd4J.png_100x100.png?webp=close&avif=close","https://s.alicdn.com/@img/imgextra/i2/O1CN01EiBgBr1pi31cCfM14_!!6000000005393-2-tps-222-46.png?webp=close&avif=close","https://s.alicdn.com/@sc04/kf/H1603a777e41b4b4eb3cba19c631cff6cX.png_100x100.png?webp=close&avif=close","https://s.alicdn.com/@img/imgextra/i1/O1CN01H0fqnK1Gpp8Bpra4W_!!6000000000672-55-tps-20-21.svg","","https://s.alicdn.com/@u/mobile/g/common/flags/1.0.0/assets/cn.png","https://s.alicdn.com/@img/imgextra/i3/O1CN01Bv2erf1UtOvnQdp1D_!!6000000002575-55-tps-12-10.svg","https://s.alicdn.com/@sc01/kf/H62868c75e7eb4fbba8f8eb600d749c2aR.png","https://s.alicdn.com/@img/imgextra/i2/O1CN01pZsS7S1RAZFleCw0N_!!6000000002071-2-tps-33-34.png","https://s.alicdn.com/@img/imgextra/i3/O1CN01Bv2erf1UtOvnQdp1D_!!6000000002575-55-tps-12-10.svg","https://s.alicdn.com/@img/imgextra/i3/O1CN01Bv2erf1UtOvnQdp1D_!!6000000002575-55-tps-12-10.svg","","https://s.alicdn.com/@img/imgextra/i1/O1CN01skevju1mJMrEIZqWk_!!6000000004933-55-tps-21-21.svg","https://s.alicdn.com/@img/imgextra/i1/O1CN01skevju1mJMrEIZqWk_!!6000000004933-55-tps-21-21.svg","https://s.alicdn.com/@sc01/kf/He15f3630b6674cb697c45c43f49fc3752.png","https://s.alicdn.com/@img/imgextra/i2/O1CN01pZsS7S1RAZFleCw0N_!!6000000002071-2-tps-33-34.png"
"1773520266-50","https://www.alibaba.com/search/page?spm=a2700.product_home_fy25.the-new-header_fy23_pc_search_bar.keydown__Enter&SearchScene=proSearch&SearchText=adult+toys&pro=true&from=pcHomeHeader","Adult Sex Toys Silicone Sx Sex Toy Vibrator For Women Category Of Vibrators","Huzhou Yushan Import & Export Co., Ltd.","4 yrs","Min. order: 1 piece","$10.60","Adult","50+ store reviews","2 sold","Toys","10% reorder rate","≤7h response time","","","4.1","4.1/5.0","(23)","Easy Return","Chat now","Add to cart","Toy","","","","","","FREE shipping","Easy Return","CN","","https://s.alicdn.com/@sc04/kf/H0366cb8ac0a4482aba06c4b685678b07k.jpg_300x300.jpg","","","","","","","https://s.alicdn.com/@img/imgextra/i1/O1CN01H0fqnK1Gpp8Bpra4W_!!6000000000672-55-tps-20-21.svg","","https://s.alicdn.com/@u/mobile/g/common/flags/1.0.0/assets/cn.png","https://s.alicdn.com/@img/imgextra/i3/O1CN01Bv2erf1UtOvnQdp1D_!!6000000002575-55-tps-12-10.svg","","https://s.alicdn.com/@img/imgextra/i4/O1CN01QUhXLX1lDaB0DYt9b_!!6000000004785-2-tps-34-34.png","","","","https://s.alicdn.com/@img/imgextra/i1/O1CN01skevju1mJMrEIZqWk_!!6000000004933-55-tps-21-21.svg","https://s.alicdn.com/@img/imgextra/i1/O1CN01skevju1mJMrEIZqWk_!!6000000004933-55-tps-21-21.svg","https://s.alicdn.com/@img/imgextra/i1/O1CN01AKovar1kB0OVaoU0M_!!6000000004644-2-tps-34-33.png","https://s.alicdn.com/@img/imgextra/i4/O1CN01QUhXLX1lDaB0DYt9b_!!6000000004785-2-tps-34-34.png"
"1773520266-51","https://www.alibaba.com/search/page?spm=a2700.product_home_fy25.the-new-header_fy23_pc_search_bar.keydown__Enter&SearchScene=proSearch&SearchText=adult+toys&pro=true&from=pcHomeHeader","Purple Sucking Adult Toy with 7 Sucking and Licking Modes for Women and Men","Shenzhen Enovart Technology Co., Ltd.","13 yrs","Min. order: 3 pieces","$4.33-4.80","Adult","50+ store reviews","","Toy","≤2h response time","","","","5.0","5.0/5.0","(1)","","Chat now","","","","","","","","","","CN","","https://s.alicdn.com/@sc04/kf/H324bb08e68764cb79da7b67982d14fffX.jpg_300x300.jpg","","","","","","","https://s.alicdn.com/@img/imgextra/i1/O1CN01H0fqnK1Gpp8Bpra4W_!!6000000000672-55-tps-20-21.svg","","https://s.alicdn.com/@u/mobile/g/common/flags/1.0.0/assets/cn.png","https://s.alicdn.com/@img/imgextra/i2/O1CN01lUQbI41ymTPgE2qXM_!!6000000006621-55-tps-12-10.svg","","","","","","https://s.alicdn.com/@img/imgextra/i1/O1CN01skevju1mJMrEIZqWk_!!6000000004933-55-tps-21-21.svg","https://s.alicdn.com/@img/imgextra/i1/O1CN01skevju1mJMrEIZqWk_!!6000000004933-55-tps-21-21.svg","",""
"1773520266-52","https://www.alibaba.com/search/page?spm=a2700.product_home_fy25.the-new-header_fy23_pc_search_bar.keydown__Enter&SearchScene=proSearch&SearchText=adult+toys&pro=true&from=pcHomeHeader","Adult Sex Toys Vibrator, Adult Sex Toys & Games Couples Female Sex Toys for Womens Man","Wallast (dongguan) Industry And Trade Co., Ltd.","3 yrs","Min. order: 100 pieces","$10","Adult","50+ store reviews","","Toys","70% reorder rate","400+ views from North America","≤3h response time","","4.9","4.9/5.0","(13)","","Chat now","","Adult","Toys","","Toys","Easy Return","certified","","","CN","","https://s.alicdn.com/@sc04/kf/H5db476fe381c4213813f550b1f5f9a12n.jpg_300x300.jpg","","","","https://s.alicdn.com/@sc04/kf/Hdcdda68a5c974643bba82b99a60a9907G.png_100x100.png?webp=close&avif=close","","https://s.alicdn.com/@sc04/kf/Hdbbb6a106e8d4515be692063768d8fd4J.png_100x100.png?webp=close&avif=close","https://s.alicdn.com/@img/imgextra/i1/O1CN01H0fqnK1Gpp8Bpra4W_!!6000000000672-55-tps-20-21.svg","https://s.alicdn.com/@img/imgextra/i4/O1CN01QUhXLX1lDaB0DYt9b_!!6000000004785-2-tps-34-34.png","https://s.alicdn.com/@u/mobile/g/common/flags/1.0.0/assets/cn.png","https://s.alicdn.com/@img/imgextra/i2/O1CN01lUQbI41ymTPgE2qXM_!!6000000006621-55-tps-12-10.svg","https://s.alicdn.com/@sc01/kf/H62868c75e7eb4fbba8f8eb600d749c2aR.png","","","","","https://s.alicdn.com/@img/imgextra/i1/O1CN01skevju1mJMrEIZqWk_!!6000000004933-55-tps-21-21.svg","https://s.alicdn.com/@img/imgextra/i1/O1CN01skevju1mJMrEIZqWk_!!6000000004933-55-tps-21-21.svg","",""
"1773520266-53","https://www.alibaba.com/search/page?spm=a2700.product_home_fy25.the-new-header_fy23_pc_search_bar.keydown__Enter&SearchScene=proSearch&SearchText=adult+toys&pro=true&from=pcHomeHeader","Hot Selling 3 in 1 Double-Headed Tongue Licking Vibrators Silicone Rabbit Wand Powerful Female Dildo Vibrator Sex Toys for Women","Guangzhou Joylove Health Technology Co., Ltd.","2 yrs","Min. order: 1 piece","$7.86","Toys","200+ store reviews","","","3% reorder rate","≤1h response time","","","4.9","4.9/5.0","(36)","Delivery by Apr 10","Chat now","Add to cart","","","","","","","FREE shipping","Delivery by Apr 10","CN","Money-back guarantee","https://s.alicdn.com/@sc04/kf/H640d334e173d4f0baa9bc7c606c69c3b6.jpg_300x300.jpg","","","","","https://s.alicdn.com/@sc01/kf/Hdbac61a2fce04421bb714a28e201ead6R.png?webp=close&avif=close","","https://s.alicdn.com/@img/imgextra/i1/O1CN01H0fqnK1Gpp8Bpra4W_!!6000000000672-55-tps-20-21.svg","","https://s.alicdn.com/@u/mobile/g/common/flags/1.0.0/assets/cn.png","https://s.alicdn.com/@img/imgextra/i3/O1CN01Bv2erf1UtOvnQdp1D_!!6000000002575-55-tps-12-10.svg","","https://s.alicdn.com/@img/imgextra/i2/O1CN01pZsS7S1RAZFleCw0N_!!6000000002071-2-tps-33-34.png","","","https://s.alicdn.com/@img/imgextra/i2/O1CN01pZsS7S1RAZFleCw0N_!!6000000002071-2-tps-33-34.png","https://s.alicdn.com/@img/imgextra/i1/O1CN01skevju1mJMrEIZqWk_!!6000000004933-55-tps-21-21.svg","https://s.alicdn.com/@img/imgextra/i1/O1CN01skevju1mJMrEIZqWk_!!6000000004933-55-tps-21-21.svg","https://s.alicdn.com/@img/imgextra/i1/O1CN01AKovar1kB0OVaoU0M_!!6000000004644-2-tps-34-33.png","https://s.alicdn.com/@img/imgextra/i2/O1CN01pZsS7S1RAZFleCw0N_!!6000000002071-2-tps-33-34.png"
"1773520266-54","https://www.alibaba.com/search/page?spm=a2700.product_home_fy25.the-new-header_fy23_pc_search_bar.keydown__Enter&SearchScene=proSearch&SearchText=adult+toys&pro=true&from=pcHomeHeader","Realistic Adult Masturbator Sex Toy for Men Premium Anal Gel Soft for Sexual Pleasure","Chongqing Good Guys Import And Export Trading Co., Ltd.","1 yr","Min. order: 1 piece","$1.57","Adult","","","Toy","","","","","","","","Easy Return","Chat now","Add to cart","","","","","","","$20 off shipping","Easy Return","CN","","https://s.alicdn.com/@sc04/kf/H4855b4138148440fb6b8c972ee0385f3I.jpg_300x300.jpg","","","","","","","https://s.alicdn.com/@img/imgextra/i1/O1CN01H0fqnK1Gpp8Bpra4W_!!6000000000672-55-tps-20-21.svg","","https://s.alicdn.com/@u/mobile/g/common/flags/1.0.0/assets/cn.png","https://s.alicdn.com/@img/imgextra/i2/O1CN01lUQbI41ymTPgE2qXM_!!6000000006621-55-tps-12-10.svg","","https://s.alicdn.com/@img/imgextra/i4/O1CN01QUhXLX1lDaB0DYt9b_!!6000000004785-2-tps-34-34.png","","","","https://s.alicdn.com/@img/imgextra/i1/O1CN01skevju1mJMrEIZqWk_!!6000000004933-55-tps-21-21.svg","https://s.alicdn.com/@img/imgextra/i1/O1CN01skevju1mJMrEIZqWk_!!6000000004933-55-tps-21-21.svg","https://s.alicdn.com/@img/imgextra/i1/O1CN01AKovar1kB0OVaoU0M_!!6000000004644-2-tps-34-33.png","https://s.alicdn.com/@img/imgextra/i4/O1CN01QUhXLX1lDaB0DYt9b_!!6000000004785-2-tps-34-34.png"
"1773520266-55","https://www.alibaba.com/search/page?spm=a2700.product_home_fy25.the-new-header_fy23_pc_search_bar.keydown__Enter&SearchScene=proSearch&SearchText=adult+toys&pro=true&from=pcHomeHeader","Medical Silicone Toy Thrusting G Spot Vagina Clitoral Thrusting Dildo Sex Toy for Couple Rabbit Vibrator Sex Toy for Women","Dongguan Huayi Star Electronic Technology Co., Ltd.","8 yrs","Min. order: 10 pieces","$11.69-12.81","Toy","600+ views from North America","","Toy","≤2h response time","","","","5.0","5.0/5.0","(3)","","Chat now","","Toy","","","","Easy Return","","","","CN","","https://s.alicdn.com/@sc04/kf/HTB1IQ2RajDuK1RjSszdq6xGLpXaW.jpg_300x300.jpg","","","","","","","https://s.alicdn.com/@img/imgextra/i1/O1CN01H0fqnK1Gpp8Bpra4W_!!6000000000672-55-tps-20-21.svg","https://s.alicdn.com/@img/imgextra/i4/O1CN01QUhXLX1lDaB0DYt9b_!!6000000004785-2-tps-34-34.png","https://s.alicdn.com/@u/mobile/g/common/flags/1.0.0/assets/cn.png","https://s.alicdn.com/@img/imgextra/i2/O1CN01lUQbI41ymTPgE2qXM_!!6000000006621-55-tps-12-10.svg","","","","","","https://s.alicdn.com/@img/imgextra/i1/O1CN01skevju1mJMrEIZqWk_!!6000000004933-55-tps-21-21.svg","https://s.alicdn.com/@img/imgextra/i1/O1CN01skevju1mJMrEIZqWk_!!6000000004933-55-tps-21-21.svg","",""
"1773520266-56","https://www.alibaba.com/search/page?spm=a2700.product_home_fy25.the-new-header_fy23_pc_search_bar.keydown__Enter&SearchScene=proSearch&SearchText=adult+toys&pro=true&from=pcHomeHeader","WholesaleToys for Adult Sex Vibrating Ring Cock Ring Vibrator Sex Toys for Male and Female Adult Sex Men Toy Masturbation","Shenzhen Yamei Chaoqian Technology Co., Ltd.","1 yr","Min. order: 10 pieces","$0.97","Adult","300+ store reviews","10 sold","Toys","7% reorder rate","≤1h response time","","","4.8","4.8/5.0","(98)","Money-back guarantee","Chat now","Add to cart","Adult","Toy","","","","","FREE shipping","Money-back guarantee","CN","","https://s.alicdn.com/@sc04/kf/H82190cf1fec442a18999a9e857b6d60aB.jpg_300x300.jpg","","","","","https://s.alicdn.com/@sc01/kf/Hdbac61a2fce04421bb714a28e201ead6R.png?webp=close&avif=close","","https://s.alicdn.com/@img/imgextra/i1/O1CN01H0fqnK1Gpp8Bpra4W_!!6000000000672-55-tps-20-21.svg","","https://s.alicdn.com/@u/mobile/g/common/flags/1.0.0/assets/cn.png","https://s.alicdn.com/@img/imgextra/i3/O1CN01Bv2erf1UtOvnQdp1D_!!6000000002575-55-tps-12-10.svg","","https://s.alicdn.com/@img/imgextra/i2/O1CN01pZsS7S1RAZFleCw0N_!!6000000002071-2-tps-33-34.png","https://s.alicdn.com/@img/imgextra/i3/O1CN01Bv2erf1UtOvnQdp1D_!!6000000002575-55-tps-12-10.svg","","","https://s.alicdn.com/@img/imgextra/i1/O1CN01skevju1mJMrEIZqWk_!!6000000004933-55-tps-21-21.svg","https://s.alicdn.com/@img/imgextra/i1/O1CN01skevju1mJMrEIZqWk_!!6000000004933-55-tps-21-21.svg","https://s.alicdn.com/@img/imgextra/i1/O1CN01AKovar1kB0OVaoU0M_!!6000000004644-2-tps-34-33.png","https://s.alicdn.com/@img/imgextra/i2/O1CN01pZsS7S1RAZFleCw0N_!!6000000002071-2-tps-33-34.png"
"1773520266-57","https://www.alibaba.com/search/page?spm=a2700.product_home_fy25.the-new-header_fy23_pc_search_bar.keydown__Enter&SearchScene=proSearch&SearchText=adult+toys&pro=true&from=pcHomeHeader","Sex Products Erotic Toys for Adults BDSM Sex Bondage Set Handcuffs Nipple Clamps Gag Whip Rope Sex Toys for Couples","Shenzhen Dkktech E-Commerce Co., Ltd.","12 yrs","Min. order: 5 sets","$2.70-17.50","Toys","2500+ store reviews","20 sold","Adults","15% reorder rate","400+ views from North America","≤6h response time","","4.5","4.5/5.0","(151)","","Chat now","Add to cart","Toys","","","","","","","","CN","","https://s.alicdn.com/@sc04/kf/H6b0d69a04e5f4da284c6d645ca3b191e0.jpg_300x300.jpg","","","","","","","https://s.alicdn.com/@img/imgextra/i1/O1CN01H0fqnK1Gpp8Bpra4W_!!6000000000672-55-tps-20-21.svg","","https://s.alicdn.com/@u/mobile/g/common/flags/1.0.0/assets/cn.png","https://s.alicdn.com/@img/imgextra/i3/O1CN01Bv2erf1UtOvnQdp1D_!!6000000002575-55-tps-12-10.svg","https://s.alicdn.com/@sc01/kf/H62868c75e7eb4fbba8f8eb600d749c2aR.png","","","","","https://s.alicdn.com/@img/imgextra/i1/O1CN01skevju1mJMrEIZqWk_!!6000000004933-55-tps-21-21.svg","https://s.alicdn.com/@img/imgextra/i1/O1CN01skevju1mJMrEIZqWk_!!6000000004933-55-tps-21-21.svg","",""
"1773520266-58","https://www.alibaba.com/search/page?spm=a2700.product_home_fy25.the-new-header_fy23_pc_search_bar.keydown__Enter&SearchScene=proSearch&SearchText=adult+toys&pro=true&from=pcHomeHeader","AIERSHA Luxury Packaging Custom Logo Adult Sex Toy Vibrator Gift Set Valentine's Day Gift Set for Couples","Shenzhen Aiersha Technology Co., Ltd.","10 yrs","Min. order: 1 set","$19.90-59","Adult","3400+ store reviews","160 sold","Toy","7% reorder rate","1800+ views from North America","≤4h response time","","4.7","4.7/5.0","(108)","","Chat now","","","","","","Easy Return","certified","","","CN","","https://s.alicdn.com/@sc04/kf/H1c667a5bb9d344fa80d57a02b733bce80.jpg_300x300.jpg","","","","https://s.alicdn.com/@sc04/kf/H3ad5a26ff8134e289b6265eedf954601o.png_100x100.png?webp=close&avif=close","","https://s.alicdn.com/@sc04/kf/Hdbbb6a106e8d4515be692063768d8fd4J.png_100x100.png?webp=close&avif=close","https://s.alicdn.com/@img/imgextra/i1/O1CN01H0fqnK1Gpp8Bpra4W_!!6000000000672-55-tps-20-21.svg","https://s.alicdn.com/@img/imgextra/i4/O1CN01QUhXLX1lDaB0DYt9b_!!6000000004785-2-tps-34-34.png","https://s.alicdn.com/@u/mobile/g/common/flags/1.0.0/assets/cn.png","https://s.alicdn.com/@img/imgextra/i3/O1CN01Bv2erf1UtOvnQdp1D_!!6000000002575-55-tps-12-10.svg","https://s.alicdn.com/@sc01/kf/H62868c75e7eb4fbba8f8eb600d749c2aR.png","","https://s.alicdn.com/@img/imgextra/i3/O1CN01Bv2erf1UtOvnQdp1D_!!6000000002575-55-tps-12-10.svg","","","https://s.alicdn.com/@img/imgextra/i1/O1CN01skevju1mJMrEIZqWk_!!6000000004933-55-tps-21-21.svg","https://s.alicdn.com/@img/imgextra/i1/O1CN01skevju1mJMrEIZqWk_!!6000000004933-55-tps-21-21.svg","",""
"1773520266-59","https://www.alibaba.com/search/page?spm=a2700.product_home_fy25.the-new-header_fy23_pc_search_bar.keydown__Enter&SearchScene=proSearch&SearchText=adult+toys&pro=true&from=pcHomeHeader","New Hot Selling Adult Entertainment G-Spot Vibrator Toy Self-Stimulation Device for Women Couples SM Foreplay Sex Toys","Guangzhou Aite Technology Co., Ltd.","8 yrs","Min. order: 10 units","$11.38","Adult","1200+ store reviews","","Toy","≤7h response time","","","","5.0","5.0/5.0","(1)","$20 off shipping","Chat now","Add to cart","Toys","","","","","","$20 off shipping","","CN","","https://s.alicdn.com/@sc04/kf/H3a4fc150215e433ab1bbca1a35e7d92cj.jpg_300x300.jpg","","","","","","","https://s.alicdn.com/@img/imgextra/i1/O1CN01H0fqnK1Gpp8Bpra4W_!!6000000000672-55-tps-20-21.svg","","https://s.alicdn.com/@u/mobile/g/common/flags/1.0.0/assets/cn.png","https://s.alicdn.com/@img/imgextra/i2/O1CN01lUQbI41ymTPgE2qXM_!!6000000006621-55-tps-12-10.svg","","https://s.alicdn.com/@img/imgextra/i1/O1CN01AKovar1kB0OVaoU0M_!!6000000004644-2-tps-34-33.png","","","","https://s.alicdn.com/@img/imgextra/i1/O1CN01skevju1mJMrEIZqWk_!!6000000004933-55-tps-21-21.svg","https://s.alicdn.com/@img/imgextra/i1/O1CN01skevju1mJMrEIZqWk_!!6000000004933-55-tps-21-21.svg","https://s.alicdn.com/@img/imgextra/i1/O1CN01AKovar1kB0OVaoU0M_!!6000000004644-2-tps-34-33.png",""
"1773520266-60","https://www.alibaba.com/search/page?spm=a2700.product_home_fy25.the-new-header_fy23_pc_search_bar.keydown__Enter&SearchScene=proSearch&SearchText=adult+toys&pro=true&from=pcHomeHeader","New Adult Toys 20 Modes Vibration G-spot Vibrator Dildo Massager Clitoris Stimulator AV Wand Vibrator for Women","Wuxi Jinweisi International Trade Co., Ltd.","1 yr","Min. order: 2 sets","$3.99-5.99","Adult","≤5h response time","","Toys","","","","","","","","","Chat now","","","","","","Easy Return","","","","CN","","https://s.alicdn.com/@sc04/kf/H073ee55365304b78a7228195a0a74775r.png_300x300.png","","","","","","","https://s.alicdn.com/@img/imgextra/i1/O1CN01H0fqnK1Gpp8Bpra4W_!!6000000000672-55-tps-20-21.svg","https://s.alicdn.com/@img/imgextra/i4/O1CN01QUhXLX1lDaB0DYt9b_!!6000000004785-2-tps-34-34.png","https://s.alicdn.com/@u/mobile/g/common/flags/1.0.0/assets/cn.png","https://s.alicdn.com/@img/imgextra/i2/O1CN01lUQbI41ymTPgE2qXM_!!6000000006621-55-tps-12-10.svg","","","","","","https://s.alicdn.com/@img/imgextra/i1/O1CN01skevju1mJMrEIZqWk_!!6000000004933-55-tps-21-21.svg","https://s.alicdn.com/@img/imgextra/i1/O1CN01skevju1mJMrEIZqWk_!!6000000004933-55-tps-21-21.svg","",""
