web_scraper_order,web_scraper_start_url,data,data2,data3,data4,data5,price,data6,data7,data8,data9,data10,price2,data11,data12,data13,data14,data15,data16,data17,data18,price3,data19,data20,data21,data22,data23,data24,data25,data26,data27,data28,image,image2,image3,image4,image5,image6,image7,image8,image9,image10,image11,image12,image13,image14,image15,image16,image17,image18,image19
"1773520229-1","https://www.alibaba.com/search/page?spm=a2700.product_home_fy25.the-new-header_fy23_pc_search_bar.keydown__Enter&SearchScene=proSearch&SearchText=adult+toys&pro=true&from=pcHomeHeader","Wholesale Rose Vibrator Manufacturer Cheap Price Rose Toys Nipple Clitoral Sucking Rose Vibrator Sex Toys for Woman","Shenzhen Gelances Technology Co., Ltd.","6 yrs","Min. order: 1 piece","2500+ store reviews","$2.90-3.20","Toys","1,566 sold","16% reorder rate","14100+ views from North America","≤2h response time","","4.8","4.8/5.0","(194)","","Chat now","","Toys","","","","","certified","certified","","","CN","Ad","","","https://s.alicdn.com/@sc04/kf/H26c041b2c24a472c940a0243e76a7590L.jpg_300x300.jpg","","https://s.alicdn.com/@sc04/kf/Hdcdda68a5c974643bba82b99a60a9907G.png_100x100.png?webp=close&avif=close","","","","https://s.alicdn.com/@sc04/kf/Hdbbb6a106e8d4515be692063768d8fd4J.png_100x100.png?webp=close&avif=close","https://s.alicdn.com/@img/imgextra/i1/O1CN01H0fqnK1Gpp8Bpra4W_!!6000000000672-55-tps-20-21.svg","","https://s.alicdn.com/@u/mobile/g/common/flags/1.0.0/assets/cn.png","https://s.alicdn.com/@img/imgextra/i3/O1CN01Bv2erf1UtOvnQdp1D_!!6000000002575-55-tps-12-10.svg","","https://s.alicdn.com/@sc01/kf/H62868c75e7eb4fbba8f8eb600d749c2aR.png","https://s.alicdn.com/@img/imgextra/i3/O1CN01Bv2erf1UtOvnQdp1D_!!6000000002575-55-tps-12-10.svg","https://s.alicdn.com/@img/imgextra/i3/O1CN01Bv2erf1UtOvnQdp1D_!!6000000002575-55-tps-12-10.svg","","","https://s.alicdn.com/@img/imgextra/i1/O1CN01skevju1mJMrEIZqWk_!!6000000004933-55-tps-21-21.svg","https://s.alicdn.com/@img/imgextra/i1/O1CN01skevju1mJMrEIZqWk_!!6000000004933-55-tps-21-21.svg"
"1773520229-2","https://www.alibaba.com/search/page?spm=a2700.product_home_fy25.the-new-header_fy23_pc_search_bar.keydown__Enter&SearchScene=proSearch&SearchText=adult+toys&pro=true&from=pcHomeHeader","Women Rose Vibrators Sucking Masturbation Vagina Nipple Massager Clitoris Stimulation Licking Tongue Vibrator","Xiamen Shiran Technology Co., Ltd.","4 yrs","Min. order: 1 piece","1400+ store reviews","$5.40","","103 sold","4% reorder rate","11500+ views from North America","≤5h response time","","4.8","4.8/5.0","(83)","","Chat now","Add to cart","","","","","Easy Return","","","","","CN","","","","https://s.alicdn.com/@sc04/kf/Hb3976ae861fd4aa3a34038aa71429469s.jpg_300x300.jpg","","","","","","","https://s.alicdn.com/@img/imgextra/i1/O1CN01H0fqnK1Gpp8Bpra4W_!!6000000000672-55-tps-20-21.svg","https://s.alicdn.com/@img/imgextra/i4/O1CN01QUhXLX1lDaB0DYt9b_!!6000000004785-2-tps-34-34.png","https://s.alicdn.com/@u/mobile/g/common/flags/1.0.0/assets/cn.png","https://s.alicdn.com/@img/imgextra/i3/O1CN01Bv2erf1UtOvnQdp1D_!!6000000002575-55-tps-12-10.svg","","","https://s.alicdn.com/@img/imgextra/i3/O1CN01Bv2erf1UtOvnQdp1D_!!6000000002575-55-tps-12-10.svg","https://s.alicdn.com/@img/imgextra/i3/O1CN01Bv2erf1UtOvnQdp1D_!!6000000002575-55-tps-12-10.svg","","","https://s.alicdn.com/@img/imgextra/i1/O1CN01skevju1mJMrEIZqWk_!!6000000004933-55-tps-21-21.svg","https://s.alicdn.com/@img/imgextra/i1/O1CN01skevju1mJMrEIZqWk_!!6000000004933-55-tps-21-21.svg"
"1773520229-3","https://www.alibaba.com/search/page?spm=a2700.product_home_fy25.the-new-header_fy23_pc_search_bar.keydown__Enter&SearchScene=proSearch&SearchText=adult+toys&pro=true&from=pcHomeHeader","Rose Clitoral Sucking Vibrator for Women Nipple Stimulator Silicone Rose Sex Toy Female Masturbator Adult Toys Wholesale","Shenzhen Xindeli Technology Industrial Co., Ltd.","1 yr","Min. order: 1 piece","200+ store reviews","$2.25","Adult","1,408 sold","7% reorder rate","900+ views from North America","≤2h response time","","4.6","4.6/5.0","(122)","","Chat now","Add to cart","Toy","Toys","","","","","certified","5-day dispatch","Easy Return","CN","Ad","","","https://s.alicdn.com/@sc04/kf/Heb85837001e0453081332df650b38e1e2.png_300x300.png","https://s.alicdn.com/@img/imgextra/i1/O1CN01Qlzniu1tBJAdJ8zsY_!!6000000005863-2-tps-283-45.png?webp=close&avif=close","https://s.alicdn.com/@sc04/kf/H1603a777e41b4b4eb3cba19c631cff6cX.png_100x100.png?webp=close&avif=close","https://s.alicdn.com/@sc04/kf/Hdbbb6a106e8d4515be692063768d8fd4J.png_100x100.png?webp=close&avif=close","https://s.alicdn.com/@sc04/kf/H3ad5a26ff8134e289b6265eedf954601o.png_100x100.png?webp=close&avif=close","https://s.alicdn.com/@sc04/kf/H22471f40ed7c43bd96412a4e0934b019C.png_100x100.png?webp=close&avif=close","https://s.alicdn.com/@sc04/kf/H018435c67be4469fb37ace1bc6888139Z.png_100x100.png?webp=close&avif=close","https://s.alicdn.com/@img/imgextra/i1/O1CN01H0fqnK1Gpp8Bpra4W_!!6000000000672-55-tps-20-21.svg","","https://s.alicdn.com/@u/mobile/g/common/flags/1.0.0/assets/cn.png","https://s.alicdn.com/@img/imgextra/i3/O1CN01Bv2erf1UtOvnQdp1D_!!6000000002575-55-tps-12-10.svg","","https://s.alicdn.com/@sc01/kf/H62868c75e7eb4fbba8f8eb600d749c2aR.png","https://s.alicdn.com/@img/imgextra/i3/O1CN01Bv2erf1UtOvnQdp1D_!!6000000002575-55-tps-12-10.svg","","","","https://s.alicdn.com/@img/imgextra/i1/O1CN01skevju1mJMrEIZqWk_!!6000000004933-55-tps-21-21.svg","https://s.alicdn.com/@img/imgextra/i1/O1CN01skevju1mJMrEIZqWk_!!6000000004933-55-tps-21-21.svg"
"1773520229-4","https://www.alibaba.com/search/page?spm=a2700.product_home_fy25.the-new-header_fy23_pc_search_bar.keydown__Enter&SearchScene=proSearch&SearchText=adult+toys&pro=true&from=pcHomeHeader","Wholesale TPE Dildo Masturbation with Penis Model Soft Realistic Anal Sex Toy for Gay Men","Guangzhou Kumu Technology Industrial Co., Ltd.","1 yr","Min. order: 1 piece","100+ store reviews","","","","10% reorder rate","300+ views from North America","≤2h response time","$6","4.9","4.9/5.0","(35)","","Chat now","Add to cart","Toy","","10% off","","","","","No import charges","7-day delivery","CN","","","Easy Return","https://s.alicdn.com/@sc04/kf/H48482a6dea0b4683809512b4af8161254.jpg_300x300.jpg","https://s.alicdn.com/@img/imgextra/i2/O1CN01EiBgBr1pi31cCfM14_!!6000000005393-2-tps-222-46.png?webp=close&avif=close","","","","","","https://s.alicdn.com/@img/imgextra/i1/O1CN01H0fqnK1Gpp8Bpra4W_!!6000000000672-55-tps-20-21.svg","","https://s.alicdn.com/@u/mobile/g/common/flags/1.0.0/assets/cn.png","https://s.alicdn.com/@img/imgextra/i3/O1CN01Bv2erf1UtOvnQdp1D_!!6000000002575-55-tps-12-10.svg","","","","","https://s.alicdn.com/@img/imgextra/i4/O1CN01QUhXLX1lDaB0DYt9b_!!6000000004785-2-tps-34-34.png","","https://s.alicdn.com/@img/imgextra/i1/O1CN01skevju1mJMrEIZqWk_!!6000000004933-55-tps-21-21.svg","https://s.alicdn.com/@img/imgextra/i1/O1CN01skevju1mJMrEIZqWk_!!6000000004933-55-tps-21-21.svg"
"1773520229-5","https://www.alibaba.com/search/page?spm=a2700.product_home_fy25.the-new-header_fy23_pc_search_bar.keydown__Enter&SearchScene=proSearch&SearchText=adult+toys&pro=true&from=pcHomeHeader","Gelances Waterproof Adult Toys Multi-Frequency Bullet Vibrator for Women G-Spot Clitoral Stimulation Waterproof Wand Massager","Shenzhen Gelances Technology Co., Ltd.","6 yrs","Min. order: 5 pieces","2500+ store reviews","$1.50","Toys","96 sold","16% reorder rate","7000+ views from North America","≤2h response time","","4.8","4.8/5.0","(194)","","Chat now","Add to cart","Adult","","","","","certified","certified","5-day dispatch","","CN","Ad","","","https://s.alicdn.com/@sc04/kf/Hf1440bd2f06d47b2b8013774527ad609W.jpg_300x300.jpg","","https://s.alicdn.com/@sc04/kf/Hdcdda68a5c974643bba82b99a60a9907G.png_100x100.png?webp=close&avif=close","","","","https://s.alicdn.com/@sc04/kf/Hdbbb6a106e8d4515be692063768d8fd4J.png_100x100.png?webp=close&avif=close","https://s.alicdn.com/@img/imgextra/i1/O1CN01H0fqnK1Gpp8Bpra4W_!!6000000000672-55-tps-20-21.svg","","https://s.alicdn.com/@u/mobile/g/common/flags/1.0.0/assets/cn.png","https://s.alicdn.com/@img/imgextra/i3/O1CN01Bv2erf1UtOvnQdp1D_!!6000000002575-55-tps-12-10.svg","","https://s.alicdn.com/@sc01/kf/H62868c75e7eb4fbba8f8eb600d749c2aR.png","https://s.alicdn.com/@img/imgextra/i3/O1CN01Bv2erf1UtOvnQdp1D_!!6000000002575-55-tps-12-10.svg","https://s.alicdn.com/@img/imgextra/i3/O1CN01Bv2erf1UtOvnQdp1D_!!6000000002575-55-tps-12-10.svg","","","https://s.alicdn.com/@img/imgextra/i1/O1CN01skevju1mJMrEIZqWk_!!6000000004933-55-tps-21-21.svg","https://s.alicdn.com/@img/imgextra/i1/O1CN01skevju1mJMrEIZqWk_!!6000000004933-55-tps-21-21.svg"
"1773520229-6","https://www.alibaba.com/search/page?spm=a2700.product_home_fy25.the-new-header_fy23_pc_search_bar.keydown__Enter&SearchScene=proSearch&SearchText=adult+toys&pro=true&from=pcHomeHeader","Adult Sex Dice Lover Flirt Dice Adult Sexy Game Sex Toys Couple Party Funny Toys Novelty Products","Shenzhen Blackberry E-Commerce Co., Ltd.","6 yrs","Min. order: 1 piece","1400+ store reviews","$0.29-1.09","Adult","18 sold","3% reorder rate","800+ views from North America","≤3h response time","","4.6","4.6/5.0","(276)","","Chat now","Add to cart","Adult","Toys","","Toys","","","","","","CN","","","","https://s.alicdn.com/@sc04/kf/H02fbdb35ecd84aa7a2b9b8cce194941cg.jpg_300x300.jpg","","","","","","","https://s.alicdn.com/@img/imgextra/i1/O1CN01H0fqnK1Gpp8Bpra4W_!!6000000000672-55-tps-20-21.svg","","https://s.alicdn.com/@u/mobile/g/common/flags/1.0.0/assets/cn.png","https://s.alicdn.com/@img/imgextra/i3/O1CN01Bv2erf1UtOvnQdp1D_!!6000000002575-55-tps-12-10.svg","","","","","","","https://s.alicdn.com/@img/imgextra/i1/O1CN01skevju1mJMrEIZqWk_!!6000000004933-55-tps-21-21.svg","https://s.alicdn.com/@img/imgextra/i1/O1CN01skevju1mJMrEIZqWk_!!6000000004933-55-tps-21-21.svg"
"1773520229-7","https://www.alibaba.com/search/page?spm=a2700.product_home_fy25.the-new-header_fy23_pc_search_bar.keydown__Enter&SearchScene=proSearch&SearchText=adult+toys&pro=true&from=pcHomeHeader","Small Mini Size Clitoral Sucker Vibrator Nipple G Spot Sucking Clitoris Erotic Stimulator Female Masturbator Sex Toys","Shenzhen Zepu Photoelectricity Co., Ltd.","15 yrs","Min. order: 50 pieces","400+ store reviews","$3.20-3.99","","542 sold","13% reorder rate","7500+ views from North America","≤10h response time","","4.6","4.6/5.0","(45)","","Chat now","","Toys","","","","","certified","certified","","","CN","Ad","","","https://s.alicdn.com/@sc04/kf/H3115a4e74ed547e2a6f756696ebfa30dJ.jpg_300x300.jpg","","https://s.alicdn.com/@sc04/kf/Hdcdda68a5c974643bba82b99a60a9907G.png_100x100.png?webp=close&avif=close","","","","https://s.alicdn.com/@sc04/kf/Hdbbb6a106e8d4515be692063768d8fd4J.png_100x100.png?webp=close&avif=close","https://s.alicdn.com/@img/imgextra/i1/O1CN01H0fqnK1Gpp8Bpra4W_!!6000000000672-55-tps-20-21.svg","","https://s.alicdn.com/@u/mobile/g/common/flags/1.0.0/assets/cn.png","https://s.alicdn.com/@img/imgextra/i3/O1CN01Bv2erf1UtOvnQdp1D_!!6000000002575-55-tps-12-10.svg","","https://s.alicdn.com/@sc01/kf/H62868c75e7eb4fbba8f8eb600d749c2aR.png","https://s.alicdn.com/@img/imgextra/i3/O1CN01Bv2erf1UtOvnQdp1D_!!6000000002575-55-tps-12-10.svg","https://s.alicdn.com/@img/imgextra/i3/O1CN01Bv2erf1UtOvnQdp1D_!!6000000002575-55-tps-12-10.svg","","","https://s.alicdn.com/@img/imgextra/i1/O1CN01skevju1mJMrEIZqWk_!!6000000004933-55-tps-21-21.svg","https://s.alicdn.com/@img/imgextra/i1/O1CN01skevju1mJMrEIZqWk_!!6000000004933-55-tps-21-21.svg"
"1773520229-8","https://www.alibaba.com/search/page?spm=a2700.product_home_fy25.the-new-header_fy23_pc_search_bar.keydown__Enter&SearchScene=proSearch&SearchText=adult+toys&pro=true&from=pcHomeHeader","2025 Factory Wholesale Hot Selling Men's Sex Toys Adult Toys","Shenzhen Yidishi Industrial Co., Ltd.","6 yrs","Min. order: 10 boxes","1100+ store reviews","$1.90","Adult","","12% reorder rate","≤4h response time","","","4.4","4.4/5.0","(324)","","Chat now","Add to cart","Toys","Toys","","","","","","Easy Return","","CN","","","","https://s.alicdn.com/@sc04/kf/Hdd316929a4a2471aa7e38e1538d7b071o.jpg_300x300.jpg","","","","","","","https://s.alicdn.com/@img/imgextra/i1/O1CN01H0fqnK1Gpp8Bpra4W_!!6000000000672-55-tps-20-21.svg","","https://s.alicdn.com/@u/mobile/g/common/flags/1.0.0/assets/cn.png","https://s.alicdn.com/@img/imgextra/i3/O1CN01Bv2erf1UtOvnQdp1D_!!6000000002575-55-tps-12-10.svg","","","","","","","https://s.alicdn.com/@img/imgextra/i1/O1CN01skevju1mJMrEIZqWk_!!6000000004933-55-tps-21-21.svg","https://s.alicdn.com/@img/imgextra/i1/O1CN01skevju1mJMrEIZqWk_!!6000000004933-55-tps-21-21.svg"
"1773520229-9","https://www.alibaba.com/search/page?spm=a2700.product_home_fy25.the-new-header_fy23_pc_search_bar.keydown__Enter&SearchScene=proSearch&SearchText=adult+toys&pro=true&from=pcHomeHeader","Sexy Flirting Fetish 13pcs/set PU Leather Erotic Adult Games Items","Shenzhen Leeho Technology Co., Ltd.","14 yrs","Min. order: 1 set","1100+ store reviews","$9.99","","2 sold","4% reorder rate","100+ views from North America","≤3h response time","","4.4","4.4/5.0","(276)","","Chat now","Add to cart","Adult","","","","Easy Return","","","","","CN","","","","https://s.alicdn.com/@sc04/kf/Hac21d2be440f43b69bd44b597dcfe332p.jpg_300x300.jpg","","","","","","","https://s.alicdn.com/@img/imgextra/i1/O1CN01H0fqnK1Gpp8Bpra4W_!!6000000000672-55-tps-20-21.svg","https://s.alicdn.com/@img/imgextra/i4/O1CN01QUhXLX1lDaB0DYt9b_!!6000000004785-2-tps-34-34.png","https://s.alicdn.com/@u/mobile/g/common/flags/1.0.0/assets/cn.png","https://s.alicdn.com/@img/imgextra/i3/O1CN01Bv2erf1UtOvnQdp1D_!!6000000002575-55-tps-12-10.svg","","","","","","","https://s.alicdn.com/@img/imgextra/i1/O1CN01skevju1mJMrEIZqWk_!!6000000004933-55-tps-21-21.svg","https://s.alicdn.com/@img/imgextra/i1/O1CN01skevju1mJMrEIZqWk_!!6000000004933-55-tps-21-21.svg"
"1773520229-10","https://www.alibaba.com/search/page?spm=a2700.product_home_fy25.the-new-header_fy23_pc_search_bar.keydown__Enter&SearchScene=proSearch&SearchText=adult+toys&pro=true&from=pcHomeHeader","Smart Counting Adult Soft Male Masturbation Cup TPE Material Sex Toy Features Vibrating Sucking","Shenzhen Aiersha Technology Co., Ltd.","10 yrs","Min. order: 1 piece","3400+ store reviews","$55","Toy","15 sold","7% reorder rate","600+ views from North America","≤4h response time","","4.7","4.7/5.0","(108)","","Chat now","Add to cart","Adult","","","","","certified","certified","Delivery by Apr 05","Easy Return","CN","","","","https://s.alicdn.com/@sc04/kf/Hacf7343eb254450b8ca4adef0c6e85b9w.jpg_300x300.jpg","","https://s.alicdn.com/@sc04/kf/H3ad5a26ff8134e289b6265eedf954601o.png_100x100.png?webp=close&avif=close","","","","https://s.alicdn.com/@sc04/kf/Hdbbb6a106e8d4515be692063768d8fd4J.png_100x100.png?webp=close&avif=close","https://s.alicdn.com/@img/imgextra/i1/O1CN01H0fqnK1Gpp8Bpra4W_!!6000000000672-55-tps-20-21.svg","","https://s.alicdn.com/@u/mobile/g/common/flags/1.0.0/assets/cn.png","https://s.alicdn.com/@img/imgextra/i3/O1CN01Bv2erf1UtOvnQdp1D_!!6000000002575-55-tps-12-10.svg","","https://s.alicdn.com/@sc01/kf/H62868c75e7eb4fbba8f8eb600d749c2aR.png","https://s.alicdn.com/@img/imgextra/i3/O1CN01Bv2erf1UtOvnQdp1D_!!6000000002575-55-tps-12-10.svg","","","","https://s.alicdn.com/@img/imgextra/i1/O1CN01skevju1mJMrEIZqWk_!!6000000004933-55-tps-21-21.svg","https://s.alicdn.com/@img/imgextra/i1/O1CN01skevju1mJMrEIZqWk_!!6000000004933-55-tps-21-21.svg"
"1773520229-11","https://www.alibaba.com/search/page?spm=a2700.product_home_fy25.the-new-header_fy23_pc_search_bar.keydown__Enter&SearchScene=proSearch&SearchText=adult+toys&pro=true&from=pcHomeHeader","Sex Sofa Chair Inflatable BDSM Bondage Automatic Air Pump for Position Support Bed Pillow Sex Toys Ramp Couples SM Games Adults","Ningbo Lingfei Supply Chain Management Co., Ltd.","7 yrs","Min. order: 1 set","2200+ store reviews","$49.80","Adults","","5% reorder rate","800+ views from North America","≤10h response time","","3.4","3.4/5.0","(401)","","Chat now","Add to cart","Toys","","","","","","","Delivery by Apr 10","Money-back guarantee","CN","","","","https://s.alicdn.com/@sc04/kf/Hc1b0f7c80591485c8ba20c8b0a9c2441g.jpg_300x300.jpg","https://s.alicdn.com/@sc01/kf/Hdbac61a2fce04421bb714a28e201ead6R.png?webp=close&avif=close","","","","","","https://s.alicdn.com/@img/imgextra/i1/O1CN01H0fqnK1Gpp8Bpra4W_!!6000000000672-55-tps-20-21.svg","","https://s.alicdn.com/@u/mobile/g/common/flags/1.0.0/assets/cn.png","https://s.alicdn.com/@img/imgextra/i3/O1CN01Bv2erf1UtOvnQdp1D_!!6000000002575-55-tps-12-10.svg","","","","","","","https://s.alicdn.com/@img/imgextra/i1/O1CN01skevju1mJMrEIZqWk_!!6000000004933-55-tps-21-21.svg","https://s.alicdn.com/@img/imgextra/i1/O1CN01skevju1mJMrEIZqWk_!!6000000004933-55-tps-21-21.svg"
"1773520229-12","https://www.alibaba.com/search/page?spm=a2700.product_home_fy25.the-new-header_fy23_pc_search_bar.keydown__Enter&SearchScene=proSearch&SearchText=adult+toys&pro=true&from=pcHomeHeader","Pocket Pussy Male Masturbator Realistic Stroker Textured Portable Discreet Silicone Sex Toy Easy to Clean for Solo Pleasure","HuiTing Medical Technology (Huizhou) Co., Ltd.","1 yr","Min. order: 1 piece","2% reorder rate","$4.29-5","","2 sold","2300+ views from North America","≤1h response time","","","4.3","4.3/5.0","(5)","","Chat now","","Toy","","","","Easy Return","","","","","CN","","","","https://s.alicdn.com/@sc04/kf/H533970a0fa214f3a9e6213fe92a13466t.jpg_300x300.jpg","","","","","","","https://s.alicdn.com/@img/imgextra/i1/O1CN01H0fqnK1Gpp8Bpra4W_!!6000000000672-55-tps-20-21.svg","https://s.alicdn.com/@img/imgextra/i4/O1CN01QUhXLX1lDaB0DYt9b_!!6000000004785-2-tps-34-34.png","https://s.alicdn.com/@u/mobile/g/common/flags/1.0.0/assets/cn.png","https://s.alicdn.com/@img/imgextra/i2/O1CN01lUQbI41ymTPgE2qXM_!!6000000006621-55-tps-12-10.svg","","","","","","","https://s.alicdn.com/@img/imgextra/i1/O1CN01skevju1mJMrEIZqWk_!!6000000004933-55-tps-21-21.svg","https://s.alicdn.com/@img/imgextra/i1/O1CN01skevju1mJMrEIZqWk_!!6000000004933-55-tps-21-21.svg"
"1773520229-13","https://www.alibaba.com/search/page?spm=a2700.product_home_fy25.the-new-header_fy23_pc_search_bar.keydown__Enter&SearchScene=proSearch&SearchText=adult+toys&pro=true&from=pcHomeHeader","Sex Sofa Chair Inflatable BDSM Bondage Automatic Air Pump for Position Support Bed Pillow Sex Toys Ramp Couples SM Games Adults","Shenzhen Lefeng Technology Company Limited","5 yrs","Min. order: 1 piece","300+ store reviews","$49.99","Adults","7 sold","4% reorder rate","1500+ views from North America","≤6h response time","","4.5","4.5/5.0","(155)","","Chat now","Add to cart","Toys","","","","","","","5-day dispatch","Money-back guarantee","CN","","","","https://s.alicdn.com/@sc04/kf/H258541c4271d42b89a8c6c4a864d7f32S.jpg_300x300.jpg","https://s.alicdn.com/@sc01/kf/Hdbac61a2fce04421bb714a28e201ead6R.png?webp=close&avif=close","","","","","","https://s.alicdn.com/@img/imgextra/i1/O1CN01H0fqnK1Gpp8Bpra4W_!!6000000000672-55-tps-20-21.svg","","https://s.alicdn.com/@u/mobile/g/common/flags/1.0.0/assets/cn.png","https://s.alicdn.com/@img/imgextra/i3/O1CN01Bv2erf1UtOvnQdp1D_!!6000000002575-55-tps-12-10.svg","","","","","","","https://s.alicdn.com/@img/imgextra/i1/O1CN01skevju1mJMrEIZqWk_!!6000000004933-55-tps-21-21.svg","https://s.alicdn.com/@img/imgextra/i1/O1CN01skevju1mJMrEIZqWk_!!6000000004933-55-tps-21-21.svg"
"1773520229-14","https://www.alibaba.com/search/page?spm=a2700.product_home_fy25.the-new-header_fy23_pc_search_bar.keydown__Enter&SearchScene=proSearch&SearchText=adult+toys&pro=true&from=pcHomeHeader","Remote Control Great Simulation Penis 10 Modes Telescopic Rotating Shaking Heating Liquid Silicone Dildos Vibrator Adult Sex Toy","Shenzhen Mytoptoy Technology Co., Ltd.","2 yrs","Min. order: 1 piece","50+ store reviews","$8.19","Toy","1 sold","3% reorder rate","≤3h response time","","","4.3","4.3/5.0","(24)","","Chat now","Add to cart","Adult","","","","","","","5-day dispatch","Money-back guarantee","CN","","","","https://s.alicdn.com/@sc04/kf/Hb2660ee7dead482688fc8f50ddf2a5d6t.jpg_300x300.jpg","https://s.alicdn.com/@sc01/kf/Hdbac61a2fce04421bb714a28e201ead6R.png?webp=close&avif=close","","","","","","https://s.alicdn.com/@img/imgextra/i1/O1CN01H0fqnK1Gpp8Bpra4W_!!6000000000672-55-tps-20-21.svg","","https://s.alicdn.com/@u/mobile/g/common/flags/1.0.0/assets/cn.png","https://s.alicdn.com/@img/imgextra/i2/O1CN01lUQbI41ymTPgE2qXM_!!6000000006621-55-tps-12-10.svg","","","","","","","https://s.alicdn.com/@img/imgextra/i1/O1CN01skevju1mJMrEIZqWk_!!6000000004933-55-tps-21-21.svg","https://s.alicdn.com/@img/imgextra/i1/O1CN01skevju1mJMrEIZqWk_!!6000000004933-55-tps-21-21.svg"
"1773520229-15","https://www.alibaba.com/search/page?spm=a2700.product_home_fy25.the-new-header_fy23_pc_search_bar.keydown__Enter&SearchScene=proSearch&SearchText=adult+toys&pro=true&from=pcHomeHeader","Cheap Adult Toys Masturbation Pocket Juguetes Sexuales Artificial Pussy Vagina Anus Man Sex Toys Masturbators for Male","Henan Oumaituo Trading Co., Ltd.","3 yrs","Min. order: 1 piece","300+ store reviews","$3.20","Toys","1 sold","13% reorder rate","1000+ views from North America","≤6h response time","","4.4","4.4/5.0","(189)","","Chat now","Add to cart","Adult","Toys","","","","","","","","CN","","","","https://s.alicdn.com/@sc04/kf/He036cf56c3b341a89ce710857700d132t.png_300x300.png","","","","","","","https://s.alicdn.com/@img/imgextra/i1/O1CN01H0fqnK1Gpp8Bpra4W_!!6000000000672-55-tps-20-21.svg","","https://s.alicdn.com/@u/mobile/g/common/flags/1.0.0/assets/cn.png","https://s.alicdn.com/@img/imgextra/i3/O1CN01Bv2erf1UtOvnQdp1D_!!6000000002575-55-tps-12-10.svg","","","","","","","https://s.alicdn.com/@img/imgextra/i1/O1CN01skevju1mJMrEIZqWk_!!6000000004933-55-tps-21-21.svg","https://s.alicdn.com/@img/imgextra/i1/O1CN01skevju1mJMrEIZqWk_!!6000000004933-55-tps-21-21.svg"
"1773520229-16","https://www.alibaba.com/search/page?spm=a2700.product_home_fy25.the-new-header_fy23_pc_search_bar.keydown__Enter&SearchScene=proSearch&SearchText=adult+toys&pro=true&from=pcHomeHeader","12 Speeds Thrusting Anal Vibrator Men Butt Plug Masturbation g Spot Vibrating Thrust Climax Feeling Adult Toy Anal Plug for Man","Shenzhen Zepu Photoelectricity Co., Ltd.","4 yrs","Min. order: 1 piece","300+ store reviews","$9.99-12.99","Toy","","600+ views from North America","≤9h response time","","","4.5","4.5/5.0","(10)","","Chat now","","Adult","","","","","","","","","CN","","","","https://s.alicdn.com/@sc04/kf/H2ead9533be40484ebe6c36337b2e06c8f.jpg_300x300.jpg","","","","","","","https://s.alicdn.com/@img/imgextra/i1/O1CN01H0fqnK1Gpp8Bpra4W_!!6000000000672-55-tps-20-21.svg","","https://s.alicdn.com/@u/mobile/g/common/flags/1.0.0/assets/cn.png","https://s.alicdn.com/@img/imgextra/i2/O1CN01lUQbI41ymTPgE2qXM_!!6000000006621-55-tps-12-10.svg","","","","","","","https://s.alicdn.com/@img/imgextra/i1/O1CN01skevju1mJMrEIZqWk_!!6000000004933-55-tps-21-21.svg","https://s.alicdn.com/@img/imgextra/i1/O1CN01skevju1mJMrEIZqWk_!!6000000004933-55-tps-21-21.svg"
"1773520229-17","https://www.alibaba.com/search/page?spm=a2700.product_home_fy25.the-new-header_fy23_pc_search_bar.keydown__Enter&SearchScene=proSearch&SearchText=adult+toys&pro=true&from=pcHomeHeader","OEM Customized Sucking Male Masturbator Sex Toys Sex Toy Box for Male Sex Toy Box Dildo Masturbators","Guangxi Maiyue International Technology Co., Ltd.","1 yr","Min. order: 1 piece","200+ store reviews","$10.80-12.90","Toy","","14% reorder rate","1500+ views from North America","≤5h response time","","4.7","4.7/5.0","(118)","","Chat now","","Toys","Toy","","","Easy Return","","","","","CN","","","","https://s.alicdn.com/@sc04/kf/H5d01dd77cd7c499ca2178fb6a22caccfH.jpg_300x300.jpg","","","","","","","https://s.alicdn.com/@img/imgextra/i1/O1CN01H0fqnK1Gpp8Bpra4W_!!6000000000672-55-tps-20-21.svg","https://s.alicdn.com/@img/imgextra/i4/O1CN01QUhXLX1lDaB0DYt9b_!!6000000004785-2-tps-34-34.png","https://s.alicdn.com/@u/mobile/g/common/flags/1.0.0/assets/cn.png","https://s.alicdn.com/@img/imgextra/i3/O1CN01Bv2erf1UtOvnQdp1D_!!6000000002575-55-tps-12-10.svg","","","https://s.alicdn.com/@img/imgextra/i3/O1CN01Bv2erf1UtOvnQdp1D_!!6000000002575-55-tps-12-10.svg","","","","https://s.alicdn.com/@img/imgextra/i1/O1CN01skevju1mJMrEIZqWk_!!6000000004933-55-tps-21-21.svg","https://s.alicdn.com/@img/imgextra/i1/O1CN01skevju1mJMrEIZqWk_!!6000000004933-55-tps-21-21.svg"
"1773520229-18","https://www.alibaba.com/search/page?spm=a2700.product_home_fy25.the-new-header_fy23_pc_search_bar.keydown__Enter&SearchScene=proSearch&SearchText=adult+toys&pro=true&from=pcHomeHeader","Rose-Shaped Vibrator Adult Toys Stimulation Waterproof 10 Powerful Vibration Massager for Women","Beijing VitalJoy Group Technology Co., Ltd.","1 yr","Min. order: 1 piece","300+ views from North America","$9.42","Toys","1 sold","≤1h response time","","","","5.0","5.0/5.0","(19)","","Chat now","Add to cart","Adult","","","","","","","5-day dispatch","Easy Return","CN","","","","https://s.alicdn.com/@sc04/kf/Hc350813b9a7b4e91bede752d498a720fH.jpg_300x300.jpg","https://s.alicdn.com/@img/imgextra/i1/O1CN01Qlzniu1tBJAdJ8zsY_!!6000000005863-2-tps-283-45.png?webp=close&avif=close","","","","","","https://s.alicdn.com/@img/imgextra/i1/O1CN01H0fqnK1Gpp8Bpra4W_!!6000000000672-55-tps-20-21.svg","","https://s.alicdn.com/@u/mobile/g/common/flags/1.0.0/assets/cn.png","https://s.alicdn.com/@img/imgextra/i2/O1CN01lUQbI41ymTPgE2qXM_!!6000000006621-55-tps-12-10.svg","","","","","","","https://s.alicdn.com/@img/imgextra/i1/O1CN01skevju1mJMrEIZqWk_!!6000000004933-55-tps-21-21.svg","https://s.alicdn.com/@img/imgextra/i1/O1CN01skevju1mJMrEIZqWk_!!6000000004933-55-tps-21-21.svg"
"1773520229-19","https://www.alibaba.com/search/page?spm=a2700.product_home_fy25.the-new-header_fy23_pc_search_bar.keydown__Enter&SearchScene=proSearch&SearchText=adult+toys&pro=true&from=pcHomeHeader","Premium Smart Electric Multi-Function Male Masturbation Cup, High-Grade Adult Sex Toy for Men","Sichuan LoveSeek Network Technology Co., Ltd.","1 yr","Min. order: 30 pieces","400+ views from North America","$15","Toy","","≤1h response time","","","","","","","","Chat now","","Adult","","","","Easy Return","","","","","CN","","","","https://s.alicdn.com/@sc04/kf/H3806985d9e034fdea9ef327f1992666cG.jpg_300x300.jpg","","","","","","","https://s.alicdn.com/@img/imgextra/i1/O1CN01H0fqnK1Gpp8Bpra4W_!!6000000000672-55-tps-20-21.svg","https://s.alicdn.com/@img/imgextra/i4/O1CN01QUhXLX1lDaB0DYt9b_!!6000000004785-2-tps-34-34.png","https://s.alicdn.com/@u/mobile/g/common/flags/1.0.0/assets/cn.png","https://s.alicdn.com/@img/imgextra/i2/O1CN01lUQbI41ymTPgE2qXM_!!6000000006621-55-tps-12-10.svg","","","","","","","https://s.alicdn.com/@img/imgextra/i1/O1CN01skevju1mJMrEIZqWk_!!6000000004933-55-tps-21-21.svg","https://s.alicdn.com/@img/imgextra/i1/O1CN01skevju1mJMrEIZqWk_!!6000000004933-55-tps-21-21.svg"
"1773520229-20","https://www.alibaba.com/search/page?spm=a2700.product_home_fy25.the-new-header_fy23_pc_search_bar.keydown__Enter&SearchScene=proSearch&SearchText=adult+toys&pro=true&from=pcHomeHeader","Rose Sucking Vibrator Wholesale Custom Female Sucking Clitoral Adult Rose Vibrator Sex Toy for Women Couples Custom Manufacture","Shenzhen Huijunming Industrial Co., Ltd.","4 yrs","Min. order: 1 piece","700+ store reviews","$2.49","Toy","211 sold","5% reorder rate","600+ views from North America","≤3h response time","","4.6","4.6/5.0","(30)","","Chat now","Add to cart","Adult","","","","","","","","","CN","","","","https://s.alicdn.com/@sc04/kf/H3f74a5171e364afab43abf3bda6c6258n.jpg_300x300.jpg","","","","","","","https://s.alicdn.com/@img/imgextra/i1/O1CN01H0fqnK1Gpp8Bpra4W_!!6000000000672-55-tps-20-21.svg","","https://s.alicdn.com/@u/mobile/g/common/flags/1.0.0/assets/cn.png","https://s.alicdn.com/@img/imgextra/i3/O1CN01Bv2erf1UtOvnQdp1D_!!6000000002575-55-tps-12-10.svg","","","","","","","https://s.alicdn.com/@img/imgextra/i1/O1CN01skevju1mJMrEIZqWk_!!6000000004933-55-tps-21-21.svg","https://s.alicdn.com/@img/imgextra/i1/O1CN01skevju1mJMrEIZqWk_!!6000000004933-55-tps-21-21.svg"
"1773520229-21","https://www.alibaba.com/search/page?spm=a2700.product_home_fy25.the-new-header_fy23_pc_search_bar.keydown__Enter&SearchScene=proSearch&SearchText=adult+toys&pro=true&from=pcHomeHeader","Female Adult Sex Supplies Tadpole Jumping Eggs with APP Remote Control USB Powered Wearable Dildo Vibrator for Masturbator","Yiwu Meijia Technology Co., Ltd.","1 yr","Min. order: 1 piece","200+ views from North America","$3.99","","","≤4h response time","","","","","","","","Chat now","Add to cart","Adult","","","","","","","Easy Return","","CN","","","","https://s.alicdn.com/@sc04/kf/H205499a288af4f0f91d891a3fb02cb00J.jpg_300x300.jpg","","","","","","","https://s.alicdn.com/@img/imgextra/i1/O1CN01H0fqnK1Gpp8Bpra4W_!!6000000000672-55-tps-20-21.svg","","https://s.alicdn.com/@u/mobile/g/common/flags/1.0.0/assets/cn.png","https://s.alicdn.com/@img/imgextra/i2/O1CN01lUQbI41ymTPgE2qXM_!!6000000006621-55-tps-12-10.svg","","","","","","","https://s.alicdn.com/@img/imgextra/i1/O1CN01skevju1mJMrEIZqWk_!!6000000004933-55-tps-21-21.svg","https://s.alicdn.com/@img/imgextra/i1/O1CN01skevju1mJMrEIZqWk_!!6000000004933-55-tps-21-21.svg"
"1773520229-22","https://www.alibaba.com/search/page?spm=a2700.product_home_fy25.the-new-header_fy23_pc_search_bar.keydown__Enter&SearchScene=proSearch&SearchText=adult+toys&pro=true&from=pcHomeHeader","2023 10 Mode Vibrator Double Penetration Sex Toy Prostate Massager Motor Real Dildos for Women Couple Sex Toys","Shenzhen Winyi Technology Co., Ltd.","12 yrs","Min. order: 10 pieces","600+ store reviews","$4.19","Toys","50 sold","5% reorder rate","100+ views from North America","≤6h response time","","4.9","4.9/5.0","(30)","","Chat now","Add to cart","Toy","","","","","","","Delivery by Apr 05","#5 on manufacturer leaderboard","CN","","","","https://s.alicdn.com/@sc04/kf/H243c060e60b54643a07cb9ec1c083eb35.jpg_300x300.jpg","","","","","","","https://s.alicdn.com/@img/imgextra/i1/O1CN01H0fqnK1Gpp8Bpra4W_!!6000000000672-55-tps-20-21.svg","","https://s.alicdn.com/@u/mobile/g/common/flags/1.0.0/assets/cn.png","https://s.alicdn.com/@img/imgextra/i3/O1CN01Bv2erf1UtOvnQdp1D_!!6000000002575-55-tps-12-10.svg","","https://s.alicdn.com/@sc01/kf/H62868c75e7eb4fbba8f8eb600d749c2aR.png","https://s.alicdn.com/@img/imgextra/i3/O1CN01Bv2erf1UtOvnQdp1D_!!6000000002575-55-tps-12-10.svg","https://s.alicdn.com/@img/imgextra/i3/O1CN01Bv2erf1UtOvnQdp1D_!!6000000002575-55-tps-12-10.svg","","","https://s.alicdn.com/@img/imgextra/i1/O1CN01skevju1mJMrEIZqWk_!!6000000004933-55-tps-21-21.svg","https://s.alicdn.com/@img/imgextra/i1/O1CN01skevju1mJMrEIZqWk_!!6000000004933-55-tps-21-21.svg"
"1773520229-23","https://www.alibaba.com/search/page?spm=a2700.product_home_fy25.the-new-header_fy23_pc_search_bar.keydown__Enter&SearchScene=proSearch&SearchText=adult+toys&pro=true&from=pcHomeHeader","Noctilucence Slave Leather Couple Sex Toys Sex Women Leather Restrain Fetish Slave Games Adult Sex Toys","Shenzhen YQ Creations Technology Company Limited","9 yrs","Min. order: 500 pieces","1600+ store reviews","$9.40-9.50","Adult","39 sold","58% reorder rate","100+ views from North America","≤5h response time","","4.8","4.8/5.0","(12)","","Chat now","","Toys","Toys","","","","certified","certified","","","CN","","","","https://s.alicdn.com/@sc04/kf/He2877b12f42342028f695864757b5e426.jpg_300x300.jpg","","https://s.alicdn.com/@sc04/kf/Hdcdda68a5c974643bba82b99a60a9907G.png_100x100.png?webp=close&avif=close","","","","https://s.alicdn.com/@sc04/kf/Hdbbb6a106e8d4515be692063768d8fd4J.png_100x100.png?webp=close&avif=close","https://s.alicdn.com/@img/imgextra/i1/O1CN01H0fqnK1Gpp8Bpra4W_!!6000000000672-55-tps-20-21.svg","","https://s.alicdn.com/@u/mobile/g/common/flags/1.0.0/assets/cn.png","https://s.alicdn.com/@img/imgextra/i3/O1CN01Bv2erf1UtOvnQdp1D_!!6000000002575-55-tps-12-10.svg","","https://s.alicdn.com/@sc01/kf/H62868c75e7eb4fbba8f8eb600d749c2aR.png","https://s.alicdn.com/@img/imgextra/i3/O1CN01Bv2erf1UtOvnQdp1D_!!6000000002575-55-tps-12-10.svg","https://s.alicdn.com/@img/imgextra/i3/O1CN01Bv2erf1UtOvnQdp1D_!!6000000002575-55-tps-12-10.svg","","","https://s.alicdn.com/@img/imgextra/i1/O1CN01skevju1mJMrEIZqWk_!!6000000004933-55-tps-21-21.svg","https://s.alicdn.com/@img/imgextra/i1/O1CN01skevju1mJMrEIZqWk_!!6000000004933-55-tps-21-21.svg"
"1773520229-24","https://www.alibaba.com/search/page?spm=a2700.product_home_fy25.the-new-header_fy23_pc_search_bar.keydown__Enter&SearchScene=proSearch&SearchText=adult+toys&pro=true&from=pcHomeHeader","Sex Toy Box Wholesale Premium 4 in 1 Clitoral and G Spot Rechargeable Vibrator Adult Products for Women","Shenzhen Blue Rabbit Technology Co., Ltd.","6 yrs","Min. order: 3 pieces","2900+ store reviews","$23","Adult","19 sold","23% reorder rate","1800+ views from North America","≤2h response time","","4.8","4.8/5.0","(103)","","Chat now","Add to cart","Toy","","","","","","","","","CN","","Delivery by Apr 24","","https://s.alicdn.com/@sc04/kf/He91b9a5ee67f4e2786f99fa620195681f.png_300x300.png","","","","","","","https://s.alicdn.com/@img/imgextra/i1/O1CN01H0fqnK1Gpp8Bpra4W_!!6000000000672-55-tps-20-21.svg","","https://s.alicdn.com/@u/mobile/g/common/flags/1.0.0/assets/cn.png","https://s.alicdn.com/@img/imgextra/i3/O1CN01Bv2erf1UtOvnQdp1D_!!6000000002575-55-tps-12-10.svg","","","https://s.alicdn.com/@img/imgextra/i3/O1CN01Bv2erf1UtOvnQdp1D_!!6000000002575-55-tps-12-10.svg","","","https://s.alicdn.com/@img/imgextra/i2/O1CN01pZsS7S1RAZFleCw0N_!!6000000002071-2-tps-33-34.png","https://s.alicdn.com/@img/imgextra/i1/O1CN01skevju1mJMrEIZqWk_!!6000000004933-55-tps-21-21.svg","https://s.alicdn.com/@img/imgextra/i1/O1CN01skevju1mJMrEIZqWk_!!6000000004933-55-tps-21-21.svg"
"1773520229-25","https://www.alibaba.com/search/page?spm=a2700.product_home_fy25.the-new-header_fy23_pc_search_bar.keydown__Enter&SearchScene=proSearch&SearchText=adult+toys&pro=true&from=pcHomeHeader","2024 Hot Sell Multi Model Silicone Gel Women's Hip Plane Cup Adult Men's Masturbation Toys","Taotang Health Technology (Shijiazhuang) Co., Ltd.","3 yrs","Min. order: 5 pieces","1300+ store reviews","$2.90","Toys","1 sold","22% reorder rate","800+ views from North America","≤2h response time","","4.5","4.5/5.0","(46)","","Chat now","Add to cart","Adult","","","","","","","","","CN","","","","https://s.alicdn.com/@sc04/kf/H361afca970684331adf5e746ce9b4737o.jpg_300x300.jpg","","","","","","","https://s.alicdn.com/@img/imgextra/i1/O1CN01H0fqnK1Gpp8Bpra4W_!!6000000000672-55-tps-20-21.svg","","https://s.alicdn.com/@u/mobile/g/common/flags/1.0.0/assets/cn.png","https://s.alicdn.com/@img/imgextra/i3/O1CN01Bv2erf1UtOvnQdp1D_!!6000000002575-55-tps-12-10.svg","","","","","","","https://s.alicdn.com/@img/imgextra/i1/O1CN01skevju1mJMrEIZqWk_!!6000000004933-55-tps-21-21.svg","https://s.alicdn.com/@img/imgextra/i1/O1CN01skevju1mJMrEIZqWk_!!6000000004933-55-tps-21-21.svg"
"1773520229-26","https://www.alibaba.com/search/page?spm=a2700.product_home_fy25.the-new-header_fy23_pc_search_bar.keydown__Enter&SearchScene=proSearch&SearchText=adult+toys&pro=true&from=pcHomeHeader","Female Huge Realistic PVC Dildo Soft Adult Sex Toys for Woman Masturbation Black Brown Flesh Dildos Hardcore Adult Devices","Shantou Komam Technology Co., Ltd.","1 yr","Min. order: 1 piece","100+ store reviews","$15.48","Toys","","4% reorder rate","700+ views from North America","≤9h response time","","4.5","4.5/5.0","(21)","","Chat now","Add to cart","Adult","Adult","","","","","","7-day delivery","","","","","","https://s.alicdn.com/@sc04/kf/H3fe7f09ac6dd4ff6ad72263fec4f8459Z.jpg_300x300.jpg","https://s.alicdn.com/@img/imgextra/i2/O1CN01EiBgBr1pi31cCfM14_!!6000000005393-2-tps-222-46.png?webp=close&avif=close","","","","","","https://s.alicdn.com/@img/imgextra/i1/O1CN01H0fqnK1Gpp8Bpra4W_!!6000000000672-55-tps-20-21.svg","","","https://s.alicdn.com/@img/imgextra/i2/O1CN01lUQbI41ymTPgE2qXM_!!6000000006621-55-tps-12-10.svg","","","","","","","https://s.alicdn.com/@img/imgextra/i1/O1CN01skevju1mJMrEIZqWk_!!6000000004933-55-tps-21-21.svg","https://s.alicdn.com/@img/imgextra/i1/O1CN01skevju1mJMrEIZqWk_!!6000000004933-55-tps-21-21.svg"
"1773520229-27","https://www.alibaba.com/search/page?spm=a2700.product_home_fy25.the-new-header_fy23_pc_search_bar.keydown__Enter&SearchScene=proSearch&SearchText=adult+toys&pro=true&from=pcHomeHeader","Couple Game Night Cards 18+ Board Game Adult Date Prop Sex Noctilucent Erotic Lovers Position Foreplay Romantic Toy","Hefei Jiaang E-Commerce Co., Ltd.","5 yrs","Min. order: 1 piece","1700+ store reviews","$2.10","Toy","10 sold","9% reorder rate","100+ views from North America","≤3h response time","","4.4","4.4/5.0","(280)","","Chat now","Add to cart","Adult","","","","","","","Easy Return","","CN","","","","https://s.alicdn.com/@sc04/kf/H0f3666e7e7414922ac9c9bd1a607ed60y.jpg_300x300.jpg","","","","","","","https://s.alicdn.com/@img/imgextra/i1/O1CN01H0fqnK1Gpp8Bpra4W_!!6000000000672-55-tps-20-21.svg","","https://s.alicdn.com/@u/mobile/g/common/flags/1.0.0/assets/cn.png","https://s.alicdn.com/@img/imgextra/i3/O1CN01Bv2erf1UtOvnQdp1D_!!6000000002575-55-tps-12-10.svg","","","","","","","https://s.alicdn.com/@img/imgextra/i1/O1CN01skevju1mJMrEIZqWk_!!6000000004933-55-tps-21-21.svg","https://s.alicdn.com/@img/imgextra/i1/O1CN01skevju1mJMrEIZqWk_!!6000000004933-55-tps-21-21.svg"
"1773520229-28","https://www.alibaba.com/search/page?spm=a2700.product_home_fy25.the-new-header_fy23_pc_search_bar.keydown__Enter&SearchScene=proSearch&SearchText=adult+toys&pro=true&from=pcHomeHeader","Super Long Wearable Liquid Silicone Anal Plug Dildo Adult Sex Toy for Vaginal Anus Deep Stimulation Massage & Masturbation","Dongguan Alien Toys Co., Ltd.","1 yr","Min. order: 1 piece","100+ store reviews","","Toy","","11% reorder rate","≤3h response time","","$2.52-12.78","4.7","4.7/5.0","(29)","","Chat now","Add to cart","Adult","","5% off","","","","","$10 off every $100","Delivery by Apr 06","CN","","","Money-back guarantee","https://s.alicdn.com/@sc04/kf/H6fac9c660cd4410d8748110c835baffa0.jpg_300x300.jpg","https://s.alicdn.com/@sc01/kf/Hdbac61a2fce04421bb714a28e201ead6R.png?webp=close&avif=close","","","","","","https://s.alicdn.com/@img/imgextra/i1/O1CN01H0fqnK1Gpp8Bpra4W_!!6000000000672-55-tps-20-21.svg","","https://s.alicdn.com/@u/mobile/g/common/flags/1.0.0/assets/cn.png","https://s.alicdn.com/@img/imgextra/i2/O1CN01lUQbI41ymTPgE2qXM_!!6000000006621-55-tps-12-10.svg","","","","","https://s.alicdn.com/@img/imgextra/i2/O1CN01pZsS7S1RAZFleCw0N_!!6000000002071-2-tps-33-34.png","","https://s.alicdn.com/@img/imgextra/i1/O1CN01skevju1mJMrEIZqWk_!!6000000004933-55-tps-21-21.svg","https://s.alicdn.com/@img/imgextra/i1/O1CN01skevju1mJMrEIZqWk_!!6000000004933-55-tps-21-21.svg"
"1773520229-29","https://www.alibaba.com/search/page?spm=a2700.product_home_fy25.the-new-header_fy23_pc_search_bar.keydown__Enter&SearchScene=proSearch&SearchText=adult+toys&pro=true&from=pcHomeHeader","Adult Products Manufacturer Direct Supply Sexy Female Masturbation Vibrator Bestsellers on AliExpress and Amazon","Hangzhou Youchong Zhiyan E-Commerce Co., Ltd.","1 yr","Min. order: 1 piece","100+ views from North America","$3.53","","","≤9h response time","","","","","","","","Chat now","Add to cart","Adult","","","","","","","Easy Return","","CN","","","","https://s.alicdn.com/@sc04/kf/Hb6c65d534b2b4a13bd888747905aa873t.png_300x300.png","","","","","","","https://s.alicdn.com/@img/imgextra/i1/O1CN01H0fqnK1Gpp8Bpra4W_!!6000000000672-55-tps-20-21.svg","","https://s.alicdn.com/@u/mobile/g/common/flags/1.0.0/assets/cn.png","https://s.alicdn.com/@img/imgextra/i2/O1CN01lUQbI41ymTPgE2qXM_!!6000000006621-55-tps-12-10.svg","","","","","","","https://s.alicdn.com/@img/imgextra/i1/O1CN01skevju1mJMrEIZqWk_!!6000000004933-55-tps-21-21.svg","https://s.alicdn.com/@img/imgextra/i1/O1CN01skevju1mJMrEIZqWk_!!6000000004933-55-tps-21-21.svg"
"1773520229-30","https://www.alibaba.com/search/page?spm=a2700.product_home_fy25.the-new-header_fy23_pc_search_bar.keydown__Enter&SearchScene=proSearch&SearchText=adult+toys&pro=true&from=pcHomeHeader","Wearable Dildo Vibration for Woman Remote Control Penis Vibrator Women Masturbation Stimulator Thrusting Sex Toy Female Outdoor","Shenzhen Aixile Technology Co., Ltd.","2 yrs","Min. order: 1 piece","500+ store reviews","$1.65-7.88","","42 sold","35% reorder rate","100+ views from North America","≤2h response time","","4.9","4.9/5.0","(34)","","Chat now","Add to cart","Toy","","","","Easy Return","","","","","CN","","","","https://s.alicdn.com/@sc04/kf/Hcaecdc77cbbd4f0a8b98d516ee0621f3T.jpg_300x300.jpg","","","","","","","https://s.alicdn.com/@img/imgextra/i1/O1CN01H0fqnK1Gpp8Bpra4W_!!6000000000672-55-tps-20-21.svg","https://s.alicdn.com/@img/imgextra/i4/O1CN01QUhXLX1lDaB0DYt9b_!!6000000004785-2-tps-34-34.png","https://s.alicdn.com/@u/mobile/g/common/flags/1.0.0/assets/cn.png","https://s.alicdn.com/@img/imgextra/i3/O1CN01Bv2erf1UtOvnQdp1D_!!6000000002575-55-tps-12-10.svg","","","","","","","https://s.alicdn.com/@img/imgextra/i1/O1CN01skevju1mJMrEIZqWk_!!6000000004933-55-tps-21-21.svg","https://s.alicdn.com/@img/imgextra/i1/O1CN01skevju1mJMrEIZqWk_!!6000000004933-55-tps-21-21.svg"
"1773520229-31","https://www.alibaba.com/search/page?spm=a2700.product_home_fy25.the-new-header_fy23_pc_search_bar.keydown__Enter&SearchScene=proSearch&SearchText=adult+toys&pro=true&from=pcHomeHeader","Wholesale Adult Sex Products Juguete Sexuale Vibrator Sex Toys Women Female Mini Bullet Vibrator","Shenzhen Weiai Industrial Technology Limited","6 yrs","Min. order: 10 pieces","900+ store reviews","$0.98","Toys","2 sold","42% reorder rate","≤8h response time","","","4.8","4.8/5.0","(20)","","Chat now","Add to cart","Adult","","","","","","","","","CN","","","","https://s.alicdn.com/@sc04/kf/H03d3cae3e9fc48b7a26e4e1df5c6d024u.jpg_300x300.jpg","","","","","","","https://s.alicdn.com/@img/imgextra/i1/O1CN01H0fqnK1Gpp8Bpra4W_!!6000000000672-55-tps-20-21.svg","","https://s.alicdn.com/@u/mobile/g/common/flags/1.0.0/assets/cn.png","https://s.alicdn.com/@img/imgextra/i3/O1CN01Bv2erf1UtOvnQdp1D_!!6000000002575-55-tps-12-10.svg","","","","","","","https://s.alicdn.com/@img/imgextra/i1/O1CN01skevju1mJMrEIZqWk_!!6000000004933-55-tps-21-21.svg","https://s.alicdn.com/@img/imgextra/i1/O1CN01skevju1mJMrEIZqWk_!!6000000004933-55-tps-21-21.svg"
"1773520229-32","https://www.alibaba.com/search/page?spm=a2700.product_home_fy25.the-new-header_fy23_pc_search_bar.keydown__Enter&SearchScene=proSearch&SearchText=adult+toys&pro=true&from=pcHomeHeader","3 Pcs/Set Luxury Jewelry Design Fetish Anal Butt Plug Pink SM Adult Gay Anal Plugs Woman Men Sex Toys","ETE (DongGuan) Technology Co., LTD.","2 yrs","Min. order: 1 piece","100+ store reviews","$3.91-4.47","Toys","150 sold","9% reorder rate","200+ views from North America","≤5h response time","","4.4","4.4/5.0","(67)","","Chat now","Add to cart","Adult","","","","","","","Easy Return","","CN","","","","https://s.alicdn.com/@sc04/kf/H1077a0dd27bd4476ae4a74da2821bfb7L.jpg_300x300.jpg","","","","","","","https://s.alicdn.com/@img/imgextra/i1/O1CN01H0fqnK1Gpp8Bpra4W_!!6000000000672-55-tps-20-21.svg","","https://s.alicdn.com/@u/mobile/g/common/flags/1.0.0/assets/cn.png","https://s.alicdn.com/@img/imgextra/i3/O1CN01Bv2erf1UtOvnQdp1D_!!6000000002575-55-tps-12-10.svg","","","","","","","https://s.alicdn.com/@img/imgextra/i1/O1CN01skevju1mJMrEIZqWk_!!6000000004933-55-tps-21-21.svg","https://s.alicdn.com/@img/imgextra/i1/O1CN01skevju1mJMrEIZqWk_!!6000000004933-55-tps-21-21.svg"
"1773520229-33","https://www.alibaba.com/search/page?spm=a2700.product_home_fy25.the-new-header_fy23_pc_search_bar.keydown__Enter&SearchScene=proSearch&SearchText=adult+toys&pro=true&from=pcHomeHeader","High Quality Silicone Dildos and Condom Sleeves Long-lasting Reusable Washable Men's Penis Enlargement Sex Toys","Ningbo Suer International Trade Co., Ltd.","1 yr","Min. order: 5 bags","2300+ views from North America","$2.04-5","","5 sold","≤1h response time","","","","3.6","3.6/5.0","(2)","","Chat now","","Toys","","","","Easy Return","","","","","CN","","","","https://s.alicdn.com/@sc04/kf/H75f6d377a0794658b9ab56b394a55f9b5.jpg_300x300.jpg","","","","","","","https://s.alicdn.com/@img/imgextra/i1/O1CN01H0fqnK1Gpp8Bpra4W_!!6000000000672-55-tps-20-21.svg","https://s.alicdn.com/@img/imgextra/i4/O1CN01QUhXLX1lDaB0DYt9b_!!6000000004785-2-tps-34-34.png","https://s.alicdn.com/@u/mobile/g/common/flags/1.0.0/assets/cn.png","https://s.alicdn.com/@img/imgextra/i2/O1CN01lUQbI41ymTPgE2qXM_!!6000000006621-55-tps-12-10.svg","","","","","","","https://s.alicdn.com/@img/imgextra/i1/O1CN01skevju1mJMrEIZqWk_!!6000000004933-55-tps-21-21.svg","https://s.alicdn.com/@img/imgextra/i1/O1CN01skevju1mJMrEIZqWk_!!6000000004933-55-tps-21-21.svg"
"1773520229-34","https://www.alibaba.com/search/page?spm=a2700.product_home_fy25.the-new-header_fy23_pc_search_bar.keydown__Enter&SearchScene=proSearch&SearchText=adult+toys&pro=true&from=pcHomeHeader","Florya Soft Double Layer Silicone Big Dildo Realistic Long Dick Penis Butt Plug Vagina Anal Massage Adult Sex Toys for Women Men","Chongqing Florya Technology Co., Ltd.","1 yr","Min. order: 3 pieces","16% reorder rate","$3.38-3.64","Toys","","1400+ views from North America","≤8h response time","","","4.3","4.3/5.0","(12)","","Chat now","","Adult","","","","Easy Return","","","","","CN","","","","https://s.alicdn.com/@sc04/kf/H6dd68b7f80ce45de84f736169dbe92e6w.png_300x300.png","","","","","","","https://s.alicdn.com/@img/imgextra/i1/O1CN01H0fqnK1Gpp8Bpra4W_!!6000000000672-55-tps-20-21.svg","https://s.alicdn.com/@img/imgextra/i4/O1CN01QUhXLX1lDaB0DYt9b_!!6000000004785-2-tps-34-34.png","https://s.alicdn.com/@u/mobile/g/common/flags/1.0.0/assets/cn.png","https://s.alicdn.com/@img/imgextra/i2/O1CN01lUQbI41ymTPgE2qXM_!!6000000006621-55-tps-12-10.svg","","","","","","","https://s.alicdn.com/@img/imgextra/i1/O1CN01skevju1mJMrEIZqWk_!!6000000004933-55-tps-21-21.svg","https://s.alicdn.com/@img/imgextra/i1/O1CN01skevju1mJMrEIZqWk_!!6000000004933-55-tps-21-21.svg"
"1773520229-35","https://www.alibaba.com/search/page?spm=a2700.product_home_fy25.the-new-header_fy23_pc_search_bar.keydown__Enter&SearchScene=proSearch&SearchText=adult+toys&pro=true&from=pcHomeHeader","TT FOREST Adult BDSM Female Sex Toy Clitoral Stimulator Couples Rose App Remote Control Wearable Vibrator Hand-Free Panty Ring","Dongguan Huanyu Hanxing Technology Co., Ltd.","1 yr","Min. order: 1 piece","5% reorder rate","$7.69","Toy","9 sold","4600+ views from North America","≤2h response time","","","4.0","4.0/5.0","(19)","","Chat now","Add to cart","Adult","","","","","","certified","$10 off every $100","Delivery by Apr 05","CN","","","Easy Return","https://s.alicdn.com/@sc04/kf/H4bae1072c62b437b9ad62b714b7efaa6z.jpg_300x300.jpg","https://s.alicdn.com/@sc04/kf/Hdcdda68a5c974643bba82b99a60a9907G.png_100x100.png?webp=close&avif=close","","","","","https://s.alicdn.com/@sc04/kf/Hdcdda68a5c974643bba82b99a60a9907G.png_100x100.png?webp=close&avif=close","https://s.alicdn.com/@img/imgextra/i1/O1CN01H0fqnK1Gpp8Bpra4W_!!6000000000672-55-tps-20-21.svg","","https://s.alicdn.com/@u/mobile/g/common/flags/1.0.0/assets/cn.png","https://s.alicdn.com/@img/imgextra/i3/O1CN01Bv2erf1UtOvnQdp1D_!!6000000002575-55-tps-12-10.svg","","https://s.alicdn.com/@sc01/kf/H62868c75e7eb4fbba8f8eb600d749c2aR.png","","","https://s.alicdn.com/@img/imgextra/i4/O1CN01QUhXLX1lDaB0DYt9b_!!6000000004785-2-tps-34-34.png","","https://s.alicdn.com/@img/imgextra/i1/O1CN01skevju1mJMrEIZqWk_!!6000000004933-55-tps-21-21.svg","https://s.alicdn.com/@img/imgextra/i1/O1CN01skevju1mJMrEIZqWk_!!6000000004933-55-tps-21-21.svg"
"1773520229-36","https://www.alibaba.com/search/page?spm=a2700.product_home_fy25.the-new-header_fy23_pc_search_bar.keydown__Enter&SearchScene=proSearch&SearchText=adult+toys&pro=true&from=pcHomeHeader","Clit Sucker Vibrator for Women Sucking Clitoris Stimulator Adult Couple Sex Toy for Women","Shenzhen Mg Technology Co., Ltd.","2 yrs","Min. order: 1 piece","≤3h response time","$12","Toy","","","","","","4.1","4.1/5.0","(4)","","Chat now","Add to cart","Adult","","","","","","","Easy Return","","CN","","","","https://s.alicdn.com/@sc04/kf/Hb610d24ac09046bb812b7386370363c6Y.jpg_300x300.jpg","","","","","","","https://s.alicdn.com/@img/imgextra/i1/O1CN01H0fqnK1Gpp8Bpra4W_!!6000000000672-55-tps-20-21.svg","","https://s.alicdn.com/@u/mobile/g/common/flags/1.0.0/assets/cn.png","https://s.alicdn.com/@img/imgextra/i2/O1CN01lUQbI41ymTPgE2qXM_!!6000000006621-55-tps-12-10.svg","","","","","","","https://s.alicdn.com/@img/imgextra/i1/O1CN01skevju1mJMrEIZqWk_!!6000000004933-55-tps-21-21.svg","https://s.alicdn.com/@img/imgextra/i1/O1CN01skevju1mJMrEIZqWk_!!6000000004933-55-tps-21-21.svg"
"1773520229-37","https://www.alibaba.com/search/page?spm=a2700.product_home_fy25.the-new-header_fy23_pc_search_bar.keydown__Enter&SearchScene=proSearch&SearchText=adult+toys&pro=true&from=pcHomeHeader","Christmas Gifts Adult Products Wholesale Rechargeable Lipstick Vibrating Egg Massage Vibrating Masturbation AV Stick","Shanxi Nanxuelei Biological Technology Co., Ltd.","6 yrs","Min. order: 10 pieces","2700+ store reviews","$4.67","","","12% reorder rate","100+ views from North America","≤10h response time","","4.3","4.3/5.0","(1081)","","Chat now","Add to cart","Adult","","","","","","","Easy Return","","CN","","","","https://s.alicdn.com/@sc04/kf/H489ef07df6e54b9aadf1714ea1a7e420L.jpg_300x300.jpg","","","","","","","https://s.alicdn.com/@img/imgextra/i1/O1CN01H0fqnK1Gpp8Bpra4W_!!6000000000672-55-tps-20-21.svg","","https://s.alicdn.com/@u/mobile/g/common/flags/1.0.0/assets/cn.png","https://s.alicdn.com/@img/imgextra/i3/O1CN01Bv2erf1UtOvnQdp1D_!!6000000002575-55-tps-12-10.svg","","https://s.alicdn.com/@sc01/kf/H62868c75e7eb4fbba8f8eb600d749c2aR.png","https://s.alicdn.com/@img/imgextra/i3/O1CN01Bv2erf1UtOvnQdp1D_!!6000000002575-55-tps-12-10.svg","","","","https://s.alicdn.com/@img/imgextra/i1/O1CN01skevju1mJMrEIZqWk_!!6000000004933-55-tps-21-21.svg","https://s.alicdn.com/@img/imgextra/i1/O1CN01skevju1mJMrEIZqWk_!!6000000004933-55-tps-21-21.svg"
"1773520229-38","https://www.alibaba.com/search/page?spm=a2700.product_home_fy25.the-new-header_fy23_pc_search_bar.keydown__Enter&SearchScene=proSearch&SearchText=adult+toys&pro=true&from=pcHomeHeader","Wholesale Cheap Sex Toys Juguetes Sexuales Sex Adult Factory Customized Saxy Toys Rose Vibrator Body Massager Wand Vibrator","Dongguan Adams Intelligent Technology Co., Ltd.","2 yrs","Min. order: 1 piece","100+ store reviews","$2.56","Adult","32 sold","2000+ views from North America","","","","4.1","4.1/5.0","(19)","","Chat now","Add to cart","Toys","Toys","","","","","","Delivery by Apr 06","Money-back guarantee","CN","","","","https://s.alicdn.com/@sc04/kf/Hd54d56c1871c45209178c9af30a83de9N.jpg_300x300.jpg","https://s.alicdn.com/@sc01/kf/Hdbac61a2fce04421bb714a28e201ead6R.png?webp=close&avif=close","","","","","","https://s.alicdn.com/@img/imgextra/i1/O1CN01H0fqnK1Gpp8Bpra4W_!!6000000000672-55-tps-20-21.svg","","https://s.alicdn.com/@u/mobile/g/common/flags/1.0.0/assets/cn.png","https://s.alicdn.com/@img/imgextra/i2/O1CN01lUQbI41ymTPgE2qXM_!!6000000006621-55-tps-12-10.svg","","","","","","","https://s.alicdn.com/@img/imgextra/i1/O1CN01skevju1mJMrEIZqWk_!!6000000004933-55-tps-21-21.svg","https://s.alicdn.com/@img/imgextra/i1/O1CN01skevju1mJMrEIZqWk_!!6000000004933-55-tps-21-21.svg"
"1773520229-39","https://www.alibaba.com/search/page?spm=a2700.product_home_fy25.the-new-header_fy23_pc_search_bar.keydown__Enter&SearchScene=proSearch&SearchText=adult+toys&pro=true&from=pcHomeHeader","Rechargeable Powerful Adult Toy Shape Airplane Men's Masturbator Cup Automatic Heating Electric Sex Device Made TPE Material","Jinan Tade Information Technology Co., Ltd.","1 yr","Min. order: 1 piece","100+ views from North America","$41","Toy","1 sold","≤6h response time","","","","","","","","Chat now","Add to cart","Adult","","","","","","","Easy Return","","CN","","","","https://s.alicdn.com/@sc04/kf/H9d03d879918940898ca4409d10ebeb76k.jpg_300x300.jpg","","","","","","","https://s.alicdn.com/@img/imgextra/i1/O1CN01H0fqnK1Gpp8Bpra4W_!!6000000000672-55-tps-20-21.svg","","https://s.alicdn.com/@u/mobile/g/common/flags/1.0.0/assets/cn.png","https://s.alicdn.com/@img/imgextra/i2/O1CN01lUQbI41ymTPgE2qXM_!!6000000006621-55-tps-12-10.svg","","","","","","","https://s.alicdn.com/@img/imgextra/i1/O1CN01skevju1mJMrEIZqWk_!!6000000004933-55-tps-21-21.svg","https://s.alicdn.com/@img/imgextra/i1/O1CN01skevju1mJMrEIZqWk_!!6000000004933-55-tps-21-21.svg"
"1773520229-40","https://www.alibaba.com/search/page?spm=a2700.product_home_fy25.the-new-header_fy23_pc_search_bar.keydown__Enter&SearchScene=proSearch&SearchText=adult+toys&pro=true&from=pcHomeHeader","Powerful Wand Massager Adult Sex Toy Wholesale Strong Vibration Full Body USB Rechargeable Electric Massager for Women Couples","Shenzhen Xindeli Technology Industrial Co., Ltd.","1 yr","Min. order: 3 pieces","200+ store reviews","$2.21","Toy","500 sold","7% reorder rate","1400+ views from North America","≤2h response time","","4.6","4.6/5.0","(122)","","Chat now","Add to cart","Adult","","","","","","certified","5-day dispatch","Easy Return","CN","Ad","","","https://s.alicdn.com/@sc04/kf/H2ea9c0ac81e04ca78f410c79cddd1d05J.png_300x300.png","https://s.alicdn.com/@img/imgextra/i1/O1CN01Qlzniu1tBJAdJ8zsY_!!6000000005863-2-tps-283-45.png?webp=close&avif=close","https://s.alicdn.com/@sc04/kf/H1603a777e41b4b4eb3cba19c631cff6cX.png_100x100.png?webp=close&avif=close","https://s.alicdn.com/@sc04/kf/Hdbbb6a106e8d4515be692063768d8fd4J.png_100x100.png?webp=close&avif=close","https://s.alicdn.com/@sc04/kf/H3ad5a26ff8134e289b6265eedf954601o.png_100x100.png?webp=close&avif=close","https://s.alicdn.com/@sc04/kf/H22471f40ed7c43bd96412a4e0934b019C.png_100x100.png?webp=close&avif=close","https://s.alicdn.com/@sc04/kf/H018435c67be4469fb37ace1bc6888139Z.png_100x100.png?webp=close&avif=close","https://s.alicdn.com/@img/imgextra/i1/O1CN01H0fqnK1Gpp8Bpra4W_!!6000000000672-55-tps-20-21.svg","","https://s.alicdn.com/@u/mobile/g/common/flags/1.0.0/assets/cn.png","https://s.alicdn.com/@img/imgextra/i3/O1CN01Bv2erf1UtOvnQdp1D_!!6000000002575-55-tps-12-10.svg","","https://s.alicdn.com/@sc01/kf/H62868c75e7eb4fbba8f8eb600d749c2aR.png","https://s.alicdn.com/@img/imgextra/i3/O1CN01Bv2erf1UtOvnQdp1D_!!6000000002575-55-tps-12-10.svg","","","","https://s.alicdn.com/@img/imgextra/i1/O1CN01skevju1mJMrEIZqWk_!!6000000004933-55-tps-21-21.svg","https://s.alicdn.com/@img/imgextra/i1/O1CN01skevju1mJMrEIZqWk_!!6000000004933-55-tps-21-21.svg"
"1773520229-41","https://www.alibaba.com/search/page?spm=a2700.product_home_fy25.the-new-header_fy23_pc_search_bar.keydown__Enter&SearchScene=proSearch&SearchText=adult+toys&pro=true&from=pcHomeHeader","OEM 10 Modes Generic Waterproof Adult Toys Easily Thrusting Functions Most USB Rechargeable Waterproof Gifts Soft Toys for Women","Shenzhen Dreamspie Technology Co., Ltd.","3 yrs","Min. order: 1 piece","100+ store reviews","$10.50","Toys","1 sold","6% reorder rate","≤10h response time","","","4.4","4.4/5.0","(83)","","Chat now","Add to cart","Adult","Toys","","","","","","Easy Return","","CN","","","","https://s.alicdn.com/@sc04/kf/Hfffcdaeff9af45b5ae4bee1025a7de92v.jpg_300x300.jpg","","","","","","","https://s.alicdn.com/@img/imgextra/i1/O1CN01H0fqnK1Gpp8Bpra4W_!!6000000000672-55-tps-20-21.svg","","https://s.alicdn.com/@u/mobile/g/common/flags/1.0.0/assets/cn.png","https://s.alicdn.com/@img/imgextra/i3/O1CN01Bv2erf1UtOvnQdp1D_!!6000000002575-55-tps-12-10.svg","","","","","","","https://s.alicdn.com/@img/imgextra/i1/O1CN01skevju1mJMrEIZqWk_!!6000000004933-55-tps-21-21.svg","https://s.alicdn.com/@img/imgextra/i1/O1CN01skevju1mJMrEIZqWk_!!6000000004933-55-tps-21-21.svg"
"1773520229-42","https://www.alibaba.com/search/page?spm=a2700.product_home_fy25.the-new-header_fy23_pc_search_bar.keydown__Enter&SearchScene=proSearch&SearchText=adult+toys&pro=true&from=pcHomeHeader","2024 Hot Sell Multi Model Silicone Gel Women's Hip Plane Cup Adult Men's Masturbation Toys","CHENGDU QSY TECHNOLOGY CO,.LTD","7 yrs","Min. order: 5 pieces","800+ store reviews","$0.85","Toys","198 sold","16% reorder rate","11200+ views from North America","≤5h response time","","4.4","4.4/5.0","(127)","","Chat now","Add to cart","Adult","","","","","","","Easy Return","","CN","","","","https://s.alicdn.com/@sc04/kf/H6a76a2316ec24f398f4d571c1365ed07W.jpg_300x300.jpg","","","","","","","https://s.alicdn.com/@img/imgextra/i1/O1CN01H0fqnK1Gpp8Bpra4W_!!6000000000672-55-tps-20-21.svg","","https://s.alicdn.com/@u/mobile/g/common/flags/1.0.0/assets/cn.png","https://s.alicdn.com/@img/imgextra/i3/O1CN01Bv2erf1UtOvnQdp1D_!!6000000002575-55-tps-12-10.svg","","https://s.alicdn.com/@sc01/kf/H62868c75e7eb4fbba8f8eb600d749c2aR.png","https://s.alicdn.com/@img/imgextra/i3/O1CN01Bv2erf1UtOvnQdp1D_!!6000000002575-55-tps-12-10.svg","https://s.alicdn.com/@img/imgextra/i3/O1CN01Bv2erf1UtOvnQdp1D_!!6000000002575-55-tps-12-10.svg","","","https://s.alicdn.com/@img/imgextra/i1/O1CN01skevju1mJMrEIZqWk_!!6000000004933-55-tps-21-21.svg","https://s.alicdn.com/@img/imgextra/i1/O1CN01skevju1mJMrEIZqWk_!!6000000004933-55-tps-21-21.svg"
"1773520229-43","https://www.alibaba.com/search/page?spm=a2700.product_home_fy25.the-new-header_fy23_pc_search_bar.keydown__Enter&SearchScene=proSearch&SearchText=adult+toys&pro=true&from=pcHomeHeader","Realistic Dildos for Men Small Medium Large Double-Layer Female Masturbator Anal Plug Soft Material Sucker for Adult Sex","Zhuifeng Zhuying (shenzhen) Technology Co., Ltd.","2 yrs","Min. order: 1 piece","4% reorder rate","$9.62-10.18","","","1000+ views from North America","≤1h response time","","","4.0","4.0/5.0","(24)","","Chat now","Add to cart","Adult","","","","","","","Easy Return","","CN","","","","https://s.alicdn.com/@sc04/kf/H1787eb9247d74183bb349b51b8b72728d.jpg_300x300.jpg","","","","","","","https://s.alicdn.com/@img/imgextra/i1/O1CN01H0fqnK1Gpp8Bpra4W_!!6000000000672-55-tps-20-21.svg","","https://s.alicdn.com/@u/mobile/g/common/flags/1.0.0/assets/cn.png","https://s.alicdn.com/@img/imgextra/i2/O1CN01lUQbI41ymTPgE2qXM_!!6000000006621-55-tps-12-10.svg","","","","","","","https://s.alicdn.com/@img/imgextra/i1/O1CN01skevju1mJMrEIZqWk_!!6000000004933-55-tps-21-21.svg","https://s.alicdn.com/@img/imgextra/i1/O1CN01skevju1mJMrEIZqWk_!!6000000004933-55-tps-21-21.svg"
"1773520229-44","https://www.alibaba.com/search/page?spm=a2700.product_home_fy25.the-new-header_fy23_pc_search_bar.keydown__Enter&SearchScene=proSearch&SearchText=adult+toys&pro=true&from=pcHomeHeader","Amazon Best Seller Adult Vibrator & Penis Ring Remote Control Prostate Massager for Delay Ejaculation Best Sex Toy for Men","Hefei Qunfeng Information Technology Development Co., Ltd.","3 yrs","Min. order: 1 piece","50+ store reviews","$9.29-11.14","Toy","","1% reorder rate","≤8h response time","","","4.3","4.3/5.0","(22)","","Chat now","Add to cart","Adult","","","","Easy Return","","","","","CN","","","","https://s.alicdn.com/@sc04/kf/H1655c70312964cf3b15589ab63afce98M.jpg_300x300.jpg","","","","","","","https://s.alicdn.com/@img/imgextra/i1/O1CN01H0fqnK1Gpp8Bpra4W_!!6000000000672-55-tps-20-21.svg","https://s.alicdn.com/@img/imgextra/i4/O1CN01QUhXLX1lDaB0DYt9b_!!6000000004785-2-tps-34-34.png","https://s.alicdn.com/@u/mobile/g/common/flags/1.0.0/assets/cn.png","https://s.alicdn.com/@img/imgextra/i2/O1CN01lUQbI41ymTPgE2qXM_!!6000000006621-55-tps-12-10.svg","","","","","","","https://s.alicdn.com/@img/imgextra/i1/O1CN01skevju1mJMrEIZqWk_!!6000000004933-55-tps-21-21.svg","https://s.alicdn.com/@img/imgextra/i1/O1CN01skevju1mJMrEIZqWk_!!6000000004933-55-tps-21-21.svg"
"1773520229-45","https://www.alibaba.com/search/page?spm=a2700.product_home_fy25.the-new-header_fy23_pc_search_bar.keydown__Enter&SearchScene=proSearch&SearchText=adult+toys&pro=true&from=pcHomeHeader","YFSJ Customized Female Masturbation Flexible Glass Dildo Large G-spot Adult Sex Toys","Baoying Jiayu Glass Products Co., Ltd.","7 yrs","Min. order: 1 piece","200+ store reviews","$1.29-1.59","Toys","1 sold","10% reorder rate","≤2h response time","","","4.9","4.9/5.0","(6)","","Chat now","Add to cart","Adult","","","","","","","Delivery by Apr 13","Money-back guarantee","CN","","","","https://s.alicdn.com/@sc04/kf/H1327378b7fa147c29e2b14292545997dX.jpg_300x300.jpg","https://s.alicdn.com/@sc01/kf/Hdbac61a2fce04421bb714a28e201ead6R.png?webp=close&avif=close","","","","","","https://s.alicdn.com/@img/imgextra/i1/O1CN01H0fqnK1Gpp8Bpra4W_!!6000000000672-55-tps-20-21.svg","","https://s.alicdn.com/@u/mobile/g/common/flags/1.0.0/assets/cn.png","https://s.alicdn.com/@img/imgextra/i2/O1CN01lUQbI41ymTPgE2qXM_!!6000000006621-55-tps-12-10.svg","","","","","","","https://s.alicdn.com/@img/imgextra/i1/O1CN01skevju1mJMrEIZqWk_!!6000000004933-55-tps-21-21.svg","https://s.alicdn.com/@img/imgextra/i1/O1CN01skevju1mJMrEIZqWk_!!6000000004933-55-tps-21-21.svg"
"1773520229-46","https://www.alibaba.com/search/page?spm=a2700.product_home_fy25.the-new-header_fy23_pc_search_bar.keydown__Enter&SearchScene=proSearch&SearchText=adult+toys&pro=true&from=pcHomeHeader","3 in 1 Pocket Pussy Male Masturbator Adult Sex Toys for Men Penis Stimulation Stroker Realistic Textured Anus Vagina","Shenzhen Yuelong Technology Co., Ltd.","8 yrs","Min. order: 1 piece","300+ store reviews","$3.88-4.98","Toys","","20% reorder rate","500+ views from North America","≤4h response time","","5.0","5.0/5.0","(10)","","Chat now","","Adult","","","","Easy Return","","","","","CN","","","","https://s.alicdn.com/@sc04/kf/H30dc017373964a04af45c72a761cddb7j.jpg_300x300.jpg","","","","","","","https://s.alicdn.com/@img/imgextra/i1/O1CN01H0fqnK1Gpp8Bpra4W_!!6000000000672-55-tps-20-21.svg","https://s.alicdn.com/@img/imgextra/i4/O1CN01QUhXLX1lDaB0DYt9b_!!6000000004785-2-tps-34-34.png","https://s.alicdn.com/@u/mobile/g/common/flags/1.0.0/assets/cn.png","https://s.alicdn.com/@img/imgextra/i2/O1CN01lUQbI41ymTPgE2qXM_!!6000000006621-55-tps-12-10.svg","","","","","","","https://s.alicdn.com/@img/imgextra/i1/O1CN01skevju1mJMrEIZqWk_!!6000000004933-55-tps-21-21.svg","https://s.alicdn.com/@img/imgextra/i1/O1CN01skevju1mJMrEIZqWk_!!6000000004933-55-tps-21-21.svg"
"1773520229-47","https://www.alibaba.com/search/page?spm=a2700.product_home_fy25.the-new-header_fy23_pc_search_bar.keydown__Enter&SearchScene=proSearch&SearchText=adult+toys&pro=true&from=pcHomeHeader","Wholesale Sexual Adult Product Massager Consoladores Para Mujer Vibradores Dildo AV Wand Massage Vibrator Sex Toy for Women","Shijiazhuang Yueying Import And Export Co., Ltd.","1 yr","Min. order: 1 piece","10% reorder rate","$2.45","Toy","2 sold","400+ views from North America","≤12h response time","","","4.6","4.6/5.0","(11)","","Chat now","Add to cart","Adult","","","","","","","Delivery by Apr 05","","CN","","","","https://s.alicdn.com/@sc04/kf/H945cad4307a34951a87615c52fdf01ee9.jpg_300x300.jpg","","","","","","","https://s.alicdn.com/@img/imgextra/i1/O1CN01H0fqnK1Gpp8Bpra4W_!!6000000000672-55-tps-20-21.svg","","https://s.alicdn.com/@u/mobile/g/common/flags/1.0.0/assets/cn.png","https://s.alicdn.com/@img/imgextra/i2/O1CN01lUQbI41ymTPgE2qXM_!!6000000006621-55-tps-12-10.svg","","","","","","","https://s.alicdn.com/@img/imgextra/i1/O1CN01skevju1mJMrEIZqWk_!!6000000004933-55-tps-21-21.svg","https://s.alicdn.com/@img/imgextra/i1/O1CN01skevju1mJMrEIZqWk_!!6000000004933-55-tps-21-21.svg"
"1773520229-48","https://www.alibaba.com/search/page?spm=a2700.product_home_fy25.the-new-header_fy23_pc_search_bar.keydown__Enter&SearchScene=proSearch&SearchText=adult+toys&pro=true&from=pcHomeHeader","Adult Sex Toys High Quality Adult Toys Vibrating Wand Sex Toy for Couple Sex Massage Best Private Erotic Adult Personal Sexy SM","Guangdong Kain Electronic Technology Co., Ltd.","11 yrs","Min. order: 100 pieces","50+ store reviews","$2.70","Toys","100 sold","16% reorder rate","600+ views from North America","≤8h response time","","5.0","5.0/5.0","(3)","","Chat now","Add to cart","Adult","Adult","","Toys","","","","","","CN","","Delivery by Apr 24","","https://s.alicdn.com/@sc04/kf/Ha66b3bf7e47a49bb9be4321dbd860e19M.jpg_300x300.jpg","","","","","","","https://s.alicdn.com/@img/imgextra/i1/O1CN01H0fqnK1Gpp8Bpra4W_!!6000000000672-55-tps-20-21.svg","","https://s.alicdn.com/@u/mobile/g/common/flags/1.0.0/assets/cn.png","https://s.alicdn.com/@img/imgextra/i2/O1CN01lUQbI41ymTPgE2qXM_!!6000000006621-55-tps-12-10.svg","","","","","","https://s.alicdn.com/@img/imgextra/i2/O1CN01pZsS7S1RAZFleCw0N_!!6000000002071-2-tps-33-34.png","https://s.alicdn.com/@img/imgextra/i1/O1CN01skevju1mJMrEIZqWk_!!6000000004933-55-tps-21-21.svg","https://s.alicdn.com/@img/imgextra/i1/O1CN01skevju1mJMrEIZqWk_!!6000000004933-55-tps-21-21.svg"
"1773520229-49","https://www.alibaba.com/search/page?spm=a2700.product_home_fy25.the-new-header_fy23_pc_search_bar.keydown__Enter&SearchScene=proSearch&SearchText=adult+toys&pro=true&from=pcHomeHeader","Adult Sex Toys New Color Line a Word Split Leg Handcuffs with SM Bundle Adjustment Props SM Binding Toys","Yiwu Huawen Leather Products Co., Ltd.","7 yrs","Min. order: 1 piece","1900+ store reviews","$4.15-6.86","Toys","3 sold","13% reorder rate","1200+ views from North America","≤2h response time","","4.9","4.9/5.0","(40)","","Chat now","","Adult","Toys","","","","","","","","CN","","","","https://s.alicdn.com/@sc04/kf/Had30af1e72f049deb45e5e34f161fc03X.jpg_300x300.jpg","","","","","","","https://s.alicdn.com/@img/imgextra/i1/O1CN01H0fqnK1Gpp8Bpra4W_!!6000000000672-55-tps-20-21.svg","","https://s.alicdn.com/@u/mobile/g/common/flags/1.0.0/assets/cn.png","https://s.alicdn.com/@img/imgextra/i3/O1CN01Bv2erf1UtOvnQdp1D_!!6000000002575-55-tps-12-10.svg","","","https://s.alicdn.com/@img/imgextra/i3/O1CN01Bv2erf1UtOvnQdp1D_!!6000000002575-55-tps-12-10.svg","https://s.alicdn.com/@img/imgextra/i3/O1CN01Bv2erf1UtOvnQdp1D_!!6000000002575-55-tps-12-10.svg","","","https://s.alicdn.com/@img/imgextra/i1/O1CN01skevju1mJMrEIZqWk_!!6000000004933-55-tps-21-21.svg","https://s.alicdn.com/@img/imgextra/i1/O1CN01skevju1mJMrEIZqWk_!!6000000004933-55-tps-21-21.svg"
"1773520229-50","https://www.alibaba.com/search/page?spm=a2700.product_home_fy25.the-new-header_fy23_pc_search_bar.keydown__Enter&SearchScene=proSearch&SearchText=adult+toys&pro=true&from=pcHomeHeader","Bluetooths Dildo Vibrator Egg for Women Female Wireless APP Remote Control Wear Vibrating Egg Panties Toy Sex for Adults Shop","Shenzhen Dongshishui Technology Co., Ltd.","3 yrs","Min. order: 1 piece","200+ store reviews","$3.10","Adults","3,113 sold","9% reorder rate","3000+ views from North America","≤2h response time","","4.4","4.4/5.0","(48)","","Chat now","Add to cart","Toy","","","","","","","Delivery by Apr 06","Money-back guarantee","CN","","","","https://s.alicdn.com/@sc04/kf/H653b04ca3ed24d7c949315a0d37478b7s.jpg_300x300.jpg","https://s.alicdn.com/@sc01/kf/Hdbac61a2fce04421bb714a28e201ead6R.png?webp=close&avif=close","","","","","","https://s.alicdn.com/@img/imgextra/i1/O1CN01H0fqnK1Gpp8Bpra4W_!!6000000000672-55-tps-20-21.svg","","https://s.alicdn.com/@u/mobile/g/common/flags/1.0.0/assets/cn.png","https://s.alicdn.com/@img/imgextra/i3/O1CN01Bv2erf1UtOvnQdp1D_!!6000000002575-55-tps-12-10.svg","","","","","","","https://s.alicdn.com/@img/imgextra/i1/O1CN01skevju1mJMrEIZqWk_!!6000000004933-55-tps-21-21.svg","https://s.alicdn.com/@img/imgextra/i1/O1CN01skevju1mJMrEIZqWk_!!6000000004933-55-tps-21-21.svg"
"1773520229-51","https://www.alibaba.com/search/page?spm=a2700.product_home_fy25.the-new-header_fy23_pc_search_bar.keydown__Enter&SearchScene=proSearch&SearchText=adult+toys&pro=true&from=pcHomeHeader","Adult Tongue Couple Masturbation Sex Toys Wireless Silicone Clitoris Nipple Stimulation G-spot 3-in-1 Double Tongue Vibrator","Shenzhen Norris International Trade Co., Ltd.","5 yrs","Min. order: 3 pieces","1200+ store reviews","$7.90","Toys","","16% reorder rate","100+ views from North America","≤7h response time","","4.4","4.4/5.0","(24)","","Chat now","Add to cart","Adult","","","","$10 off every $100","","","","","CN","","","","https://s.alicdn.com/@sc04/kf/H2e46def8f3c44fe4a4901fdedf82c3ace.jpg_300x300.jpg","","","","","","","https://s.alicdn.com/@img/imgextra/i1/O1CN01H0fqnK1Gpp8Bpra4W_!!6000000000672-55-tps-20-21.svg","https://s.alicdn.com/@img/imgextra/i2/O1CN01eHcIQG1ooAkRWcKep_!!6000000005271-2-tps-33-33.png","https://s.alicdn.com/@u/mobile/g/common/flags/1.0.0/assets/cn.png","https://s.alicdn.com/@img/imgextra/i3/O1CN01Bv2erf1UtOvnQdp1D_!!6000000002575-55-tps-12-10.svg","","","","","","","https://s.alicdn.com/@img/imgextra/i1/O1CN01skevju1mJMrEIZqWk_!!6000000004933-55-tps-21-21.svg","https://s.alicdn.com/@img/imgextra/i1/O1CN01skevju1mJMrEIZqWk_!!6000000004933-55-tps-21-21.svg"
"1773520229-52","https://www.alibaba.com/search/page?spm=a2700.product_home_fy25.the-new-header_fy23_pc_search_bar.keydown__Enter&SearchScene=proSearch&SearchText=adult+toys&pro=true&from=pcHomeHeader","Netphi Male TPE Masturbation Cup Realistic Penis Massage Real Skin Feeling Pocket Pussy 18+ Vagina Waterproof Adult Sex Toys Men","Ningbo Netphi Import & Export Co., Ltd.","3 yrs","Min. order: 1 piece","50+ store reviews","$1.99","Toys","1 sold","5% reorder rate","400+ views from North America","≤1h response time","","4.7","4.7/5.0","(23)","","Chat now","Add to cart","Adult","","","","","","","3-day dispatch","Easy Return","CN","","","","https://s.alicdn.com/@sc04/kf/Hc4303dc2867c4c5db17cff92615ee956l.jpg_300x300.jpg","https://s.alicdn.com/@img/imgextra/i1/O1CN01Qlzniu1tBJAdJ8zsY_!!6000000005863-2-tps-283-45.png?webp=close&avif=close","","","","","","https://s.alicdn.com/@img/imgextra/i1/O1CN01H0fqnK1Gpp8Bpra4W_!!6000000000672-55-tps-20-21.svg","","https://s.alicdn.com/@u/mobile/g/common/flags/1.0.0/assets/cn.png","https://s.alicdn.com/@img/imgextra/i3/O1CN01Bv2erf1UtOvnQdp1D_!!6000000002575-55-tps-12-10.svg","","https://s.alicdn.com/@sc01/kf/H62868c75e7eb4fbba8f8eb600d749c2aR.png","","","","","https://s.alicdn.com/@img/imgextra/i1/O1CN01skevju1mJMrEIZqWk_!!6000000004933-55-tps-21-21.svg","https://s.alicdn.com/@img/imgextra/i1/O1CN01skevju1mJMrEIZqWk_!!6000000004933-55-tps-21-21.svg"
"1773520229-53","https://www.alibaba.com/search/page?spm=a2700.product_home_fy25.the-new-header_fy23_pc_search_bar.keydown__Enter&SearchScene=proSearch&SearchText=adult+toys&pro=true&from=pcHomeHeader","Amazon Adult Toy Huge Soft Liquid Silicone Dildo for Women Anal Plug Big Dildo Massage Masturbation for Female","Shenzhen Aizhiyin Toy Products Co., Ltd.","2 yrs","Min. order: 3 pieces","700+ store reviews","$9.35-19.11","Toy","","200+ views from North America","≤2h response time","","","5.0","5.0/5.0","(9)","","Chat now","Add to cart","Adult","","","","","","","","","CN","","Delivery by Apr 24","","https://s.alicdn.com/@sc04/kf/Ae5eb5383c18549108cfaef60c8655cd1h.jpg_300x300.jpg","","","","","","","https://s.alicdn.com/@img/imgextra/i1/O1CN01H0fqnK1Gpp8Bpra4W_!!6000000000672-55-tps-20-21.svg","","https://s.alicdn.com/@u/mobile/g/common/flags/1.0.0/assets/cn.png","https://s.alicdn.com/@img/imgextra/i2/O1CN01lUQbI41ymTPgE2qXM_!!6000000006621-55-tps-12-10.svg","","","","","","https://s.alicdn.com/@img/imgextra/i2/O1CN01pZsS7S1RAZFleCw0N_!!6000000002071-2-tps-33-34.png","https://s.alicdn.com/@img/imgextra/i1/O1CN01skevju1mJMrEIZqWk_!!6000000004933-55-tps-21-21.svg","https://s.alicdn.com/@img/imgextra/i1/O1CN01skevju1mJMrEIZqWk_!!6000000004933-55-tps-21-21.svg"
"1773520229-54","https://www.alibaba.com/search/page?spm=a2700.product_home_fy25.the-new-header_fy23_pc_search_bar.keydown__Enter&SearchScene=proSearch&SearchText=adult+toys&pro=true&from=pcHomeHeader","USB Charge Powerful Bullet Vibrator Women Clitoral Stimulator Vaginal G Spot Masturbation 10 Speed Vibrators Adult Sex Toys%","Shenzhen I Like Health Technology Co., Ltd.","8 yrs","Min. order: 3 pieces","5900+ store reviews","","Toys","15 sold","10% reorder rate","300+ views from North America","≤2h response time","$2.26","4.6","4.6/5.0","(83)","","Chat now","Add to cart","Adult","","10% off","","","","certified","No import charges","7-day delivery","CN","","","","https://s.alicdn.com/@sc04/kf/Ha8b334055527436bab920b69506acabfg.jpg_300x300.jpg","https://s.alicdn.com/@img/imgextra/i2/O1CN01EiBgBr1pi31cCfM14_!!6000000005393-2-tps-222-46.png?webp=close&avif=close","https://s.alicdn.com/@sc04/kf/Hdbbb6a106e8d4515be692063768d8fd4J.png_100x100.png?webp=close&avif=close","","","","https://s.alicdn.com/@sc04/kf/H1603a777e41b4b4eb3cba19c631cff6cX.png_100x100.png?webp=close&avif=close","https://s.alicdn.com/@img/imgextra/i1/O1CN01H0fqnK1Gpp8Bpra4W_!!6000000000672-55-tps-20-21.svg","","https://s.alicdn.com/@u/mobile/g/common/flags/1.0.0/assets/cn.png","https://s.alicdn.com/@img/imgextra/i3/O1CN01Bv2erf1UtOvnQdp1D_!!6000000002575-55-tps-12-10.svg","","https://s.alicdn.com/@sc01/kf/H62868c75e7eb4fbba8f8eb600d749c2aR.png","https://s.alicdn.com/@img/imgextra/i3/O1CN01Bv2erf1UtOvnQdp1D_!!6000000002575-55-tps-12-10.svg","https://s.alicdn.com/@img/imgextra/i3/O1CN01Bv2erf1UtOvnQdp1D_!!6000000002575-55-tps-12-10.svg","","","https://s.alicdn.com/@img/imgextra/i1/O1CN01skevju1mJMrEIZqWk_!!6000000004933-55-tps-21-21.svg","https://s.alicdn.com/@img/imgextra/i1/O1CN01skevju1mJMrEIZqWk_!!6000000004933-55-tps-21-21.svg"
"1773520229-55","https://www.alibaba.com/search/page?spm=a2700.product_home_fy25.the-new-header_fy23_pc_search_bar.keydown__Enter&SearchScene=proSearch&SearchText=adult+toys&pro=true&from=pcHomeHeader","Remote Control Thrusting Vibrator Soft Realistic PVC Sex Toy Hands-Free Big Knot Dildo Suction Cup Couples Silicone Adult Sex","Guangxi Daruihua Biotechnology Co., Ltd.","1 yr","Min. order: 1 piece","50+ store reviews","","Adult","2 sold","4% reorder rate","500+ views from North America","≤1h response time","$19.90","4.4","4.4/5.0","(82)","","Chat now","Add to cart","Toy","","20% off","","","","","5-day dispatch","Easy Return","CN","","","","https://s.alicdn.com/@sc04/kf/H7381c0aaab504431ba07870142142c01a.jpg_300x300.jpg","https://s.alicdn.com/@img/imgextra/i1/O1CN01Qlzniu1tBJAdJ8zsY_!!6000000005863-2-tps-283-45.png?webp=close&avif=close","","","","","","https://s.alicdn.com/@img/imgextra/i1/O1CN01H0fqnK1Gpp8Bpra4W_!!6000000000672-55-tps-20-21.svg","","https://s.alicdn.com/@u/mobile/g/common/flags/1.0.0/assets/cn.png","https://s.alicdn.com/@img/imgextra/i3/O1CN01Bv2erf1UtOvnQdp1D_!!6000000002575-55-tps-12-10.svg","","https://s.alicdn.com/@sc01/kf/H62868c75e7eb4fbba8f8eb600d749c2aR.png","","","","","https://s.alicdn.com/@img/imgextra/i1/O1CN01skevju1mJMrEIZqWk_!!6000000004933-55-tps-21-21.svg","https://s.alicdn.com/@img/imgextra/i1/O1CN01skevju1mJMrEIZqWk_!!6000000004933-55-tps-21-21.svg"
"1773520229-56","https://www.alibaba.com/search/page?spm=a2700.product_home_fy25.the-new-header_fy23_pc_search_bar.keydown__Enter&SearchScene=proSearch&SearchText=adult+toys&pro=true&from=pcHomeHeader","Male Masturbator Sex Toy Mouth and Vagina Pocket Pussy Masturbation Cup Adult Sex Toys for Gay and Lesbian","Hebei Enne Trade Co., Ltd.","4 yrs","Min. order: 1 piece","400+ store reviews","$8","Adult","","17% reorder rate","300+ views from North America","≤3h response time","","4.8","4.8/5.0","(136)","","Chat now","Add to cart","Toy","Toys","","","","","","Easy Return","","CN","","","","https://s.alicdn.com/@sc04/kf/H4b19484863784c5ea9ef176eec8b4e156.jpg_300x300.jpg","","","","","","","https://s.alicdn.com/@img/imgextra/i1/O1CN01H0fqnK1Gpp8Bpra4W_!!6000000000672-55-tps-20-21.svg","","https://s.alicdn.com/@u/mobile/g/common/flags/1.0.0/assets/cn.png","https://s.alicdn.com/@img/imgextra/i3/O1CN01Bv2erf1UtOvnQdp1D_!!6000000002575-55-tps-12-10.svg","","https://s.alicdn.com/@sc01/kf/H62868c75e7eb4fbba8f8eb600d749c2aR.png","","","","","https://s.alicdn.com/@img/imgextra/i1/O1CN01skevju1mJMrEIZqWk_!!6000000004933-55-tps-21-21.svg","https://s.alicdn.com/@img/imgextra/i1/O1CN01skevju1mJMrEIZqWk_!!6000000004933-55-tps-21-21.svg"
"1773520229-57","https://www.alibaba.com/search/page?spm=a2700.product_home_fy25.the-new-header_fy23_pc_search_bar.keydown__Enter&SearchScene=proSearch&SearchText=adult+toys&pro=true&from=pcHomeHeader","Silicone Adult Sex Toys Masturbation Toys Female Silicone Models Boy Sex Toys","Qingdao Jinxinshang Health Products Co., Ltd.","1 yr","Min. order: 1 piece","400+ views from North America","$11.28-12.71","Toys","","≤5h response time","","","","","","","","Chat now","","Adult","Toys","","Toys","Easy Return","","","","","CN","","","","https://s.alicdn.com/@sc04/kf/H6a4b5a94847d45b7881dee9cefc99e14u.png_300x300.png","","","","","","","https://s.alicdn.com/@img/imgextra/i1/O1CN01H0fqnK1Gpp8Bpra4W_!!6000000000672-55-tps-20-21.svg","https://s.alicdn.com/@img/imgextra/i4/O1CN01QUhXLX1lDaB0DYt9b_!!6000000004785-2-tps-34-34.png","https://s.alicdn.com/@u/mobile/g/common/flags/1.0.0/assets/cn.png","https://s.alicdn.com/@img/imgextra/i2/O1CN01lUQbI41ymTPgE2qXM_!!6000000006621-55-tps-12-10.svg","","","","","","","https://s.alicdn.com/@img/imgextra/i1/O1CN01skevju1mJMrEIZqWk_!!6000000004933-55-tps-21-21.svg","https://s.alicdn.com/@img/imgextra/i1/O1CN01skevju1mJMrEIZqWk_!!6000000004933-55-tps-21-21.svg"
"1773520229-58","https://www.alibaba.com/search/page?spm=a2700.product_home_fy25.the-new-header_fy23_pc_search_bar.keydown__Enter&SearchScene=proSearch&SearchText=adult+toys&pro=true&from=pcHomeHeader","Usa Warehouse Stock Amazon Hot Sale Sex Toys Adult G Spot Red Rose Vibrator for Women Clitoral Sucking Vibrator","Dongguan Cado Electronic Technology Co., Ltd.","6 yrs","Min. order: 1 piece","300+ store reviews","$3.40","Adult","","3% reorder rate","4000+ views from North America","≤8h response time","","4.3","4.3/5.0","(27)","","Chat now","Add to cart","Toys","","","","","","","Easy Return","","CN","","","","https://s.alicdn.com/@sc04/kf/Hf0e6cd19181043b08fca9fffabc18d4ch.jpg_300x300.jpg","","","","","","","https://s.alicdn.com/@img/imgextra/i1/O1CN01H0fqnK1Gpp8Bpra4W_!!6000000000672-55-tps-20-21.svg","","https://s.alicdn.com/@u/mobile/g/common/flags/1.0.0/assets/cn.png","https://s.alicdn.com/@img/imgextra/i3/O1CN01Bv2erf1UtOvnQdp1D_!!6000000002575-55-tps-12-10.svg","","","","","","","https://s.alicdn.com/@img/imgextra/i1/O1CN01skevju1mJMrEIZqWk_!!6000000004933-55-tps-21-21.svg","https://s.alicdn.com/@img/imgextra/i1/O1CN01skevju1mJMrEIZqWk_!!6000000004933-55-tps-21-21.svg"
"1773520229-59","https://www.alibaba.com/search/page?spm=a2700.product_home_fy25.the-new-header_fy23_pc_search_bar.keydown__Enter&SearchScene=proSearch&SearchText=adult+toys&pro=true&from=pcHomeHeader","Remote Control Adult Toy Sex Vibrating Dildo Thrusting Heating G Spot Realistic Dildo Penis Women Vibrator for Vagina and Anus","Shenzhen Everycom Technology Company Limited","13 yrs","Min. order: 100 pieces","1000+ store reviews","$9.39","Toy","1 sold","8% reorder rate","≤3h response time","","","4.6","4.6/5.0","(127)","","Chat now","Add to cart","Adult","","","","","","","5-day dispatch","Money-back guarantee","CN","","","","https://s.alicdn.com/@sc04/kf/Hb1ac4d2301d344e3bad6c19eb38c42ac4.jpg_300x300.jpg","https://s.alicdn.com/@sc01/kf/Hdbac61a2fce04421bb714a28e201ead6R.png?webp=close&avif=close","","","","","","https://s.alicdn.com/@img/imgextra/i1/O1CN01H0fqnK1Gpp8Bpra4W_!!6000000000672-55-tps-20-21.svg","","https://s.alicdn.com/@u/mobile/g/common/flags/1.0.0/assets/cn.png","https://s.alicdn.com/@img/imgextra/i3/O1CN01Bv2erf1UtOvnQdp1D_!!6000000002575-55-tps-12-10.svg","","","","","","","https://s.alicdn.com/@img/imgextra/i1/O1CN01skevju1mJMrEIZqWk_!!6000000004933-55-tps-21-21.svg","https://s.alicdn.com/@img/imgextra/i1/O1CN01skevju1mJMrEIZqWk_!!6000000004933-55-tps-21-21.svg"
